cardno	name	class	title	expansion	kind	rarity	cost	power	hp	type	keywords	ability	illustrator	image_url	url
BP01-001	ローズクイーン	エルフ		ブースターパック第1弾「創世の夜明け」	フォロワー	LG	8	7	7	植物族		"
ファンファーレ自分のEXエリアの妖精・フォロワーを好きな枚数選ぶ。それは『薔薇の一撃』に変身する。

起動これをアクト：自分のPPを「自分のEXエリアの『薔薇の一撃』の枚数」と同じだけ回復する。

―――――――――――――――

『薔薇の一撃』エルフ植物族・スペルコスト2相手のリーダー1人か相手のフォロワー1体を選ぶ。それに3ダメージ。1枚引く。
"			https://shadowverse-evolve.com/cardlist/?cardno=BP01-001
BP01-002	エンシェントエルフ	エルフ		ブースターパック第1弾「創世の夜明け」	フォロワー	LG	2	2	2	エルフ族		"
進化コスト1：これは進化する。

【守護】

ファンファーレ場の他のカード1枚を手札に戻す：これは攻撃力+1/体力+1する。（手札に戻ったトークンはゲームから取り除く）
"			https://shadowverse-evolve.com/cardlist/?cardno=BP01-002
BP01-003	エンシェントエルフ	エルフ		ブースターパック第1弾「創世の夜明け」	フォロワー・エボルヴ	LG		3	3	エルフ族		"
【守護】

【進化時】場の他のカード1枚を手札に戻す：これは攻撃力+1/体力+1する。
"			https://shadowverse-evolve.com/cardlist/?cardno=BP01-003
BP01-004	リノセウス	エルフ		ブースターパック第1弾「創世の夜明け」	フォロワー	GR	2	1	1	虫族		"
進化コスト0：これは進化する。

【突進】

ファンファーレこれは攻撃力+Xする。Xは「これを含めず、このターン中に自分がプレイしたカードの枚数」である。
"			https://shadowverse-evolve.com/cardlist/?cardno=BP01-004
BP01-005	リノセウス	エルフ		ブースターパック第1弾「創世の夜明け」	フォロワー・エボルヴ	GR		1	1	虫族		"
【進化時】下記から1つチョイスする。【1】これは【疾走】を持つ。【2】相手のフォロワー1体を選ぶ。それに「これの攻撃力」と同じダメージ。
"			https://shadowverse-evolve.com/cardlist/?cardno=BP01-005
BP01-006	ロビンフッド	エルフ		ブースターパック第1弾「創世の夜明け」	フォロワー	GR	5	4	5	狩人		"
ファンファーレ相手のフォロワー1体を選ぶ。それに4ダメージ。

起動コスト1これをアクト：相手のフォロワー1体を選ぶ。それに4ダメージ。
"			https://shadowverse-evolve.com/cardlist/?cardno=BP01-006
BP01-007	白銀の矢	エルフ		ブースターパック第1弾「創世の夜明け」	スペル	GR	7			エルフ族		"
クイック

相手のリーダー1人か相手のフォロワー1体を選ぶ。1枚引く。それに「自分の手札の枚数」と同じダメージ。
"			https://shadowverse-evolve.com/cardlist/?cardno=BP01-007
BP01-008	根源への回帰	エルフ		ブースターパック第1弾「創世の夜明け」	スペル	GR	3			エルフ族		"
相手のフォロワー1体を選ぶ。それのプレイヤーはそれをデッキの上か下に置く。【コンボ_5】それをデッキに置く代わりに、相手のフォロワーすべてをそれのプレイヤーはデッキの上か下に置く。（1体ずつ上か下か決める）（デッキに置いたトークンはゲームから取り除く）
"			https://shadowverse-evolve.com/cardlist/?cardno=BP01-008
BP01-009	エルフプリンセスメイジ	エルフ		ブースターパック第1弾「創世の夜明け」	フォロワー	SR	3	3	3	エルフ族・プリンセス		"
進化コスト1：これは進化する。
"			https://shadowverse-evolve.com/cardlist/?cardno=BP01-009
BP01-010	エルフプリンセスメイジ	エルフ		ブースターパック第1弾「創世の夜明け」	フォロワー・エボルヴ	SR		4	4	エルフ族・プリンセス		"
【進化時】『フェアリーウィスプ』2枚をEXエリアに置く。

―――――――――――――――

『フェアリーウィスプ』エルフ妖精・フォロワーコスト0攻撃力1/体力1
"			https://shadowverse-evolve.com/cardlist/?cardno=BP01-010
BP01-011	ブレスフェアリーダンサー	エルフ		ブースターパック第1弾「創世の夜明け」	フォロワー	SR	2	2	3	妖精		"
ファンファーレ自分の他の妖精・フォロワーすべてと、自分のEXエリアの妖精・フォロワーすべては攻撃力+1/体力+1する。
"			https://shadowverse-evolve.com/cardlist/?cardno=BP01-011
BP01-012	ベビーエルフ・メイ	エルフ		ブースターパック第1弾「創世の夜明け」	フォロワー	SR	1	1	1	エルフ族		"
これが場から手札に戻ったとき、相手のフォロワー1体を選ぶ。それに1ダメージ。

ファンファーレ相手のフォロワー1体を選ぶ。それに1ダメージ。
"			https://shadowverse-evolve.com/cardlist/?cardno=BP01-012
BP01-013	フェアリービースト	エルフ		ブースターパック第1弾「創世の夜明け」	フォロワー	SR	5	5	5	妖精・獣		"
起動EXエリアの妖精・フォロワー1枚を消滅：自分のリーダーは体力+3する。1枚引く。この能力は1ターンに1回使える。
"			https://shadowverse-evolve.com/cardlist/?cardno=BP01-013
BP01-014	ノーブルフェアリー	エルフ		ブースターパック第1弾「創世の夜明け」	フォロワー	SR	3	3	3	妖精・プリンセス		"
【守護】

ファンファーレ【コンボ_3】相手のフォロワー1体を選ぶ。それを破壊する。相手の場に『フェアリー』1体を出す。

―――――――――――――――

『フェアリー』エルフ妖精・フォロワーコスト1攻撃力1/体力1
"			https://shadowverse-evolve.com/cardlist/?cardno=BP01-014
BP01-015	自然の導き	エルフ		ブースターパック第1弾「創世の夜明け」	スペル	SR	1			妖精		"
自分の場のカード1枚を選ぶ。それを手札に戻す。1枚引く。（手札に戻ったトークンはゲームから取り除く）
"			https://shadowverse-evolve.com/cardlist/?cardno=BP01-015
BP01-016	収穫祭	エルフ		ブースターパック第1弾「創世の夜明け」	アミュレット	SR	1			エルフ族		"
これが場を離れたとき、1枚引く。

起動コスト1これをアクト墓場に置く：自分のリーダーは体力+1する。
"			https://shadowverse-evolve.com/cardlist/?cardno=BP01-016
BP01-017	メタルエルフメイジ	エルフ		ブースターパック第1弾「創世の夜明け」	フォロワー	BR	2	3	2	エルフ族		"
ファンファーレ相手のフォロワー1体を選ぶ。それに1ダメージ。【コンボ_3】代わりに3ダメージ。
"			https://shadowverse-evolve.com/cardlist/?cardno=BP01-017
BP01-018	アーチャー	エルフ		ブースターパック第1弾「創世の夜明け」	フォロワー	BR	2	1	4	狩人		"
進化コスト1：これは進化する。

自分の場に他のフォロワーが出たとき、相手のフォロワー1体を選ぶ。それに1ダメージ。
"			https://shadowverse-evolve.com/cardlist/?cardno=BP01-018
BP01-019	アーチャー	エルフ		ブースターパック第1弾「創世の夜明け」	フォロワー・エボルヴ	BR		1	4	狩人		"
自分の場に他のフォロワーが出たとき、相手のフォロワー2体まで選ぶ。それに1ダメージ。
"			https://shadowverse-evolve.com/cardlist/?cardno=BP01-019
BP01-020	フェアリーウィスパラー	エルフ		ブースターパック第1弾「創世の夜明け」	フォロワー	BR	2	1	1	エルフ族		"
ファンファーレ『フェアリー』1体を出す。『フェアリー』1枚をEXエリアに置く。

―――――――――――――――

『フェアリー』エルフ妖精・フォロワーコスト1攻撃力1/体力1
"			https://shadowverse-evolve.com/cardlist/?cardno=BP01-020
BP01-021	大狼	エルフ		ブースターパック第1弾「創世の夜明け」	フォロワー	BR	4	5	5	獣		"
自分の場に他のフォロワーが出たとき、これは攻撃力+1/体力+1する。
"			https://shadowverse-evolve.com/cardlist/?cardno=BP01-021
BP01-022	マナエルク	エルフ		ブースターパック第1弾「創世の夜明け」	フォロワー	BR	4	5	5	獣		"
自分の妖精・フォロワーが攻撃するとき、相手のリーダー1人か相手のフォロワー1体を選ぶ。それに1ダメージ。
"			https://shadowverse-evolve.com/cardlist/?cardno=BP01-022
BP01-023	フェアリーサークル	エルフ		ブースターパック第1弾「創世の夜明け」	スペル	BR	1			妖精		"
『フェアリー』3枚をEXエリアに置く。

―――――――――――――――

『フェアリー』エルフ妖精・フォロワーコスト1攻撃力1/体力1
"			https://shadowverse-evolve.com/cardlist/?cardno=BP01-023
BP01-024	精霊の呪い	エルフ		ブースターパック第1弾「創世の夜明け」	スペル	BR	2			精霊		"
クイック

相手のフォロワー1体を選ぶ。このターン、それはダメージを与えない。
"			https://shadowverse-evolve.com/cardlist/?cardno=BP01-024
BP01-025	森の聖域	エルフ		ブースターパック第1弾「創世の夜明け」	アミュレット	BR	1			精霊		"
ファンファーレ自分の妖精・フォロワー1体を選ぶ。それは攻撃力+1する。

起動コスト1これをアクト：これを手札に戻す。
"			https://shadowverse-evolve.com/cardlist/?cardno=BP01-025
BP01-LD01	アリサ	エルフ		ブースターパック第1弾「創世の夜明け」	リーダー	-				-					https://shadowverse-evolve.com/cardlist/?cardno=BP01-LD01
BP01-LD02	舞い踊る妖精・アリア	エルフ		ブースターパック第1弾「創世の夜明け」	リーダー	-				-					https://shadowverse-evolve.com/cardlist/?cardno=BP01-LD02
BP01-T01	薔薇の一撃	エルフ		ブースターパック第1弾「創世の夜明け」	スペル・トークン	-	2			植物族		"
相手のリーダー1人か相手のフォロワー1体を選ぶ。それに3ダメージ。1枚引く。
"			https://shadowverse-evolve.com/cardlist/?cardno=BP01-T01
BP01-T02	フェアリーウィスプ	エルフ		ブースターパック第1弾「創世の夜明け」	フォロワー・トークン	-	0	1	1	妖精					https://shadowverse-evolve.com/cardlist/?cardno=BP01-T02
BP01-T03	フェアリー	エルフ		ブースターパック第1弾「創世の夜明け」	フォロワー・トークン	-	1	1	1	妖精					https://shadowverse-evolve.com/cardlist/?cardno=BP01-T03
BP02-001	クリスタリアプリンセス・ティア	エルフ		ブースターパック第2弾「黒銀のバハムート」	フォロワー	LG	2	1	1	クリスタリア・プリンセス		"
進化コスト1：これは進化する。

ファンファーレ【コンボ_3】『クリスタリア・イヴ』1体を出す。

―――――――――――――――

『クリスタリア・イヴ』エルフクリスタリア・フォロワーコスト4攻撃力4/体力4
"			https://shadowverse-evolve.com/cardlist/?cardno=BP02-001
BP02-002	クリスタリアプリンセス・ティア	エルフ		ブースターパック第2弾「黒銀のバハムート」	フォロワー・エボルヴ	LG		2	2	クリスタリア・プリンセス		"
【進化時】自分の『クリスタリア・イヴ』1体を選ぶ。それは攻撃力+1/体力+1して、【突進】を持つ。
"			https://shadowverse-evolve.com/cardlist/?cardno=BP02-002
BP02-003	古き森の白狼	エルフ		ブースターパック第2弾「黒銀のバハムート」	フォロワー	LG	7	4	4	精霊・獣		"
【疾走】

ラストワード自分のデッキの上4枚を見る。その中から、エルフフォロワー1枚を場に出してよい。残りを好きな順にデッキの下に置く。
"			https://shadowverse-evolve.com/cardlist/?cardno=BP02-003
BP02-004	エルフの少女・リザ	エルフ		ブースターパック第2弾「黒銀のバハムート」	フォロワー	GR	2	2	3	エルフ族		"
これがいる限り、自分のフォロワーが受ける「相手の能力によるダメージ」を-1する。
"			https://shadowverse-evolve.com/cardlist/?cardno=BP02-004
BP02-005	エルフナイト・シンシア	エルフ		ブースターパック第2弾「黒銀のバハムート」	フォロワー	GR	5	5	5	エルフ族		"
【突進】

【攻撃時】EXエリアのカード1枚を消滅：相手のリーダー1人か相手のフォロワー1体を選ぶ。それに2ダメージ。『フェアリー』2体を出す。

―――――――――――――――

『フェアリー』エルフ妖精・フォロワーコスト1攻撃力1/体力1
"			https://shadowverse-evolve.com/cardlist/?cardno=BP02-005
BP02-006	グランドアーチャー・セルウィン	エルフ		ブースターパック第2弾「黒銀のバハムート」	フォロワー	GR	4	3	3	狩人		"
進化コスト1：これは進化する。

ファンファーレ【コンボ_4】相手のフォロワー1体を選ぶ。それに5ダメージ。
"			https://shadowverse-evolve.com/cardlist/?cardno=BP02-006
BP02-007	グランドアーチャー・セルウィン	エルフ		ブースターパック第2弾「黒銀のバハムート」	フォロワー・エボルヴ	GR		4	4	狩人		"
【進化時】相手の場のコスト3以下のカード1枚を選ぶ。それを破壊する。
"			https://shadowverse-evolve.com/cardlist/?cardno=BP02-007
BP02-008	クリスタリア・リリィ	エルフ		ブースターパック第2弾「黒銀のバハムート」	フォロワー	SR	2	1	3	クリスタリア		"
進化コスト2：これは進化する。

ファンファーレ自分のデッキの上2枚を見る。その中から、クリスタリア・フォロワーか妖精・フォロワー1枚を公開して手札に加えてよい。残りを好きな順にデッキの下に置く。
"			https://shadowverse-evolve.com/cardlist/?cardno=BP02-008
BP02-009	クリスタリア・リリィ	エルフ		ブースターパック第2弾「黒銀のバハムート」	フォロワー・エボルヴ	SR		2	4	クリスタリア		"
【進化時】相手のフォロワー1体を選ぶ。それのプレイヤーはそれをデッキの下に置く。（デッキに置いたトークンはゲームから取り除く）
"			https://shadowverse-evolve.com/cardlist/?cardno=BP02-009
BP02-010	エルフキング・ヴァルト	エルフ		ブースターパック第2弾「黒銀のバハムート」	フォロワー	SR	4	3	3	エルフ族		"
ファンファーレ下記から1つチョイスする。【1】自分の妖精・フォロワー1体を選ぶ。それは攻撃力+2/体力+2する。【2】自分のデッキから妖精・フォロワー1枚を探し、手札に加える。
"			https://shadowverse-evolve.com/cardlist/?cardno=BP02-010
BP02-011	エルフの弓術	エルフ		ブースターパック第2弾「黒銀のバハムート」	スペル	SR	1			エルフ族		"
相手のフォロワー2体まで選ぶ。それに1ダメージ。【コンボ_3】代わりに2ダメージ。
"			https://shadowverse-evolve.com/cardlist/?cardno=BP02-011
BP02-012	パフュームドワーフ	エルフ		ブースターパック第2弾「黒銀のバハムート」	フォロワー	BR	2	2	3	精霊		"
自分のフォロワーが進化したとき、相手のフォロワー1体を選ぶ。それに2ダメージ。
"			https://shadowverse-evolve.com/cardlist/?cardno=BP02-012
BP02-013	癒しのエルフ	エルフ		ブースターパック第2弾「黒銀のバハムート」	フォロワー	BR	3	1	5	エルフ族		"
ファンファーレ自分のリーダーは体力+3する。
"			https://shadowverse-evolve.com/cardlist/?cardno=BP02-013
BP02-014	フォレストギガース	エルフ		ブースターパック第2弾「黒銀のバハムート」	フォロワー	BR	6	1	7	精霊・巨人		"
進化コスト1：これは進化する。

【守護】

ファンファーレこれは攻撃力+Xする。Xは「自分のEXエリアのカードの枚数」である。
"			https://shadowverse-evolve.com/cardlist/?cardno=BP02-014
BP02-015	フォレストギガース	エルフ		ブースターパック第2弾「黒銀のバハムート」	フォロワー・エボルヴ	BR		3	7	精霊・巨人		"
【守護】

【進化時】相手のフォロワー1体を選ぶ。それに「これの攻撃力」と同じダメージ。
"			https://shadowverse-evolve.com/cardlist/?cardno=BP02-015
BP02-016	エルフバード	エルフ		ブースターパック第2弾「黒銀のバハムート」	フォロワー	BR	2	2	2	エルフ族		"
自分のフォロワーが進化したとき、『フェアリーウィスプ』1枚をEXエリアに置く。

―――――――――――――――

『フェアリーウィスプ』エルフ妖精・フォロワーコスト0攻撃力1/体力1
"			https://shadowverse-evolve.com/cardlist/?cardno=BP02-016
BP02-017	ローズディアー	エルフ		ブースターパック第2弾「黒銀のバハムート」	フォロワー	BR	4	4	3	精霊・植物族		"
【突進】

ファンファーレ『薔薇の一撃』1枚をEXエリアに置く。

―――――――――――――――

『薔薇の一撃』エルフ植物族・スペルコスト2相手のリーダー1人か相手のフォロワー1体を選ぶ。それに3ダメージ。1枚引く。
"			https://shadowverse-evolve.com/cardlist/?cardno=BP02-017
BP02-LD01	純心の少女・ミツェル	エルフ		ブースターパック第2弾「黒銀のバハムート」	リーダー	-				-					https://shadowverse-evolve.com/cardlist/?cardno=BP02-LD01
BP02-T01	クリスタリア・イヴ	エルフ		ブースターパック第2弾「黒銀のバハムート」	フォロワー・トークン	-	4	4	4	クリスタリア					https://shadowverse-evolve.com/cardlist/?cardno=BP02-T01
BP03-001	ビューティ＆ビースト	エルフ		ブースターパック第3弾「FLAME OF LAEVATEINN / フレイム・オブ・レーヴァテイン」	フォロワー	LG	6	5	7	獣・童話・プリンセス		"
【突進】【オーラ】

ファンファーレこれに童話カウンター1つを置く。これが手札以外から場に出ていたなら、これは【疾走】を持つ。

起動コスト1これの童話カウンターを好きな数取る：これは攻撃力+X/体力+Xする。Xは「取った童話カウンターの数」である。
"			https://shadowverse-evolve.com/cardlist/?cardno=BP03-001
BP03-002	コスモスファング	エルフ		ブースターパック第3弾「FLAME OF LAEVATEINN / フレイム・オブ・レーヴァテイン」	フォロワー	LG	5	4	4	精霊・植物族・獣		"
進化コスト1場の他のフォロワー1体を手札に戻す：これは進化する。（手札に戻ったトークンはゲームから取り除く）

ファンファーレ自分のデッキから獣・フォロワー1枚を探し、手札に加える。それがコスト2以下なら、代わりに場に出してよい。
"			https://shadowverse-evolve.com/cardlist/?cardno=BP03-002
BP03-003	コスモスファング	エルフ		ブースターパック第3弾「FLAME OF LAEVATEINN / フレイム・オブ・レーヴァテイン」	フォロワー・エボルヴ	LG		5	5	精霊・植物族・獣		"
【進化時】相手のフォロワー1体を選ぶ。それを手札に戻す。それがエボルヴフォロワーなら、代わりに破壊する。（手札に戻ったトークンはゲームから取り除く）
"			https://shadowverse-evolve.com/cardlist/?cardno=BP03-003
BP03-004	大魔法の妖精・リラ	エルフ		ブースターパック第3弾「FLAME OF LAEVATEINN / フレイム・オブ・レーヴァテイン」	フォロワー	GR	3	1	4	妖精・童話		"
起動これをアクト：これに童話カウンター1つを置く。

起動コスト1これの童話カウンター1つを取る：相手のフォロワー1体を選ぶ。それを破壊する。
"			https://shadowverse-evolve.com/cardlist/?cardno=BP03-004
BP03-005	ブロッサムウルフ・スレイド	エルフ		ブースターパック第3弾「FLAME OF LAEVATEINN / フレイム・オブ・レーヴァテイン」	フォロワー	GR	2	2	2	植物族・獣		"
進化コスト0：これは進化する。この能力はこのターン、自分のカードが場から手札に戻っていたなら使える。

これが場から手札に戻ったとき、自分の手札のコスト2以下のエルフフォロワー1枚を場に出してよい。
"			https://shadowverse-evolve.com/cardlist/?cardno=BP03-005
BP03-006	ブロッサムウルフ・スレイド	エルフ		ブースターパック第3弾「FLAME OF LAEVATEINN / フレイム・オブ・レーヴァテイン」	フォロワー・エボルヴ	GR		3	3	植物族・獣		"
これが場から手札に戻ったとき、自分の手札のコスト2以下のエルフフォロワー1枚を場に出してよい。

【進化時】1枚引く。
"			https://shadowverse-evolve.com/cardlist/?cardno=BP03-006
BP03-007	エルフの双撃	エルフ		ブースターパック第3弾「FLAME OF LAEVATEINN / フレイム・オブ・レーヴァテイン」	スペル	GR	2			エルフ族		"
クイック

相手のフォロワー2体まで選ぶ。それにXダメージを割りふる。Xは「自分のEXエリアのカードの枚数」である。
"			https://shadowverse-evolve.com/cardlist/?cardno=BP03-007
BP03-008	アックスガール・アビー	エルフ		ブースターパック第3弾「FLAME OF LAEVATEINN / フレイム・オブ・レーヴァテイン」	フォロワー	SR	3	3	4	狩人		"
【攻撃時】これは攻撃力+1する。その後、これの攻撃力が5以上なら、相手のリーダーすべてに2ダメージ。
"			https://shadowverse-evolve.com/cardlist/?cardno=BP03-008
BP03-009	ガーベラベアー	エルフ		ブースターパック第3弾「FLAME OF LAEVATEINN / フレイム・オブ・レーヴァテイン」	フォロワー	SR	2	2	2	植物族・獣		"
進化コスト1：これは進化する。

自分のカードが場から手札に戻ったとき、自分のリーダーは体力+1する。
"			https://shadowverse-evolve.com/cardlist/?cardno=BP03-009
BP03-010	ガーベラベアー	エルフ		ブースターパック第3弾「FLAME OF LAEVATEINN / フレイム・オブ・レーヴァテイン」	フォロワー・エボルヴ	SR		3	3	植物族・獣		"
自分のカードが場から手札に戻ったとき、自分のリーダーは体力+1する。

【進化時】自分のデッキから『フラワーブリーズ』1枚を探し、手札に加える。
"			https://shadowverse-evolve.com/cardlist/?cardno=BP03-010
BP03-011	茨の森	エルフ		ブースターパック第3弾「FLAME OF LAEVATEINN / フレイム・オブ・レーヴァテイン」	アミュレット	SR	1			妖精		"
自分のメインフェイズが来たとき、これを破壊する。

これがある限り、自分のフォロワーすべては「【攻撃時】フォロワーへ攻撃したなら、それに2ダメージ」を持つ。

ファンファーレ『フェアリー』1体を出す。【コンボ_3】それは【突進】を持つ。

―――――――――――――――

『フェアリー』エルフ妖精・フォロワーコスト1攻撃力1/体力1
"			https://shadowverse-evolve.com/cardlist/?cardno=BP03-011
BP03-012	フラワープリンセス	エルフ		ブースターパック第3弾「FLAME OF LAEVATEINN / フレイム・オブ・レーヴァテイン」	フォロワー	BR	2	2	3	プリンセス・童話		"
ファンファーレ『フェアリー』1枚をEXエリアに置く。【コンボ_3】これに童話カウンター1つを置く。

起動これをアクトこれの童話カウンター1つを取る：相手のフォロワー1体を選ぶ。それに3ダメージ。

―――――――――――――――

『フェアリー』エルフ妖精・フォロワーコスト1攻撃力1/体力1
"			https://shadowverse-evolve.com/cardlist/?cardno=BP03-012
BP03-013	沼の精	エルフ		ブースターパック第3弾「FLAME OF LAEVATEINN / フレイム・オブ・レーヴァテイン」	フォロワー	BR	3	4	3	精霊		"
ファンファーレ相手のフォロワー1体を選ぶ。次の相手のターン中、それは相手を攻撃できない。
"			https://shadowverse-evolve.com/cardlist/?cardno=BP03-013
BP03-014	ティートル・ディ＆ダム	エルフ		ブースターパック第3弾「FLAME OF LAEVATEINN / フレイム・オブ・レーヴァテイン」	フォロワー	BR	2	2	2	童話		"
進化コスト1：これは進化する。
"			https://shadowverse-evolve.com/cardlist/?cardno=BP03-014
BP03-015	ティートル・ディ＆ダム	エルフ		ブースターパック第3弾「FLAME OF LAEVATEINN / フレイム・オブ・レーヴァテイン」	フォロワー・エボルヴ	BR		3	3	童話		"
【進化時】自分のデッキの上4枚を見る。その中から、コスト1のカード1枚を公開して手札に加えてよい。残りを好きな順にデッキの下に置く。
"			https://shadowverse-evolve.com/cardlist/?cardno=BP03-015
BP03-016	フラワーブリーズ	エルフ		ブースターパック第3弾「FLAME OF LAEVATEINN / フレイム・オブ・レーヴァテイン」	スペル	BR	1			植物族・獣		"
自分の場のカード1枚を選ぶ。それを手札に戻す。自分のリーダーは体力+1する。（手札に戻ったトークンはゲームから取り除く）
"			https://shadowverse-evolve.com/cardlist/?cardno=BP03-016
BP03-017	森の音楽隊	エルフ		ブースターパック第3弾「FLAME OF LAEVATEINN / フレイム・オブ・レーヴァテイン」	アミュレット	BR	1			獣・童話		"
ファンファーレ自分のデッキの上4枚を見る。その中から、童話・フォロワー1枚をEXエリアに置いてよい。残りを好きな順にデッキの下に置く。

起動これをアクト墓場に置く：自分の童話・フォロワー1体を選ぶ。それに童話カウンター1つを置く。
"			https://shadowverse-evolve.com/cardlist/?cardno=BP03-017
BP03-LD01	蜜田川イツキ	エルフ		ブースターパック第3弾「FLAME OF LAEVATEINN / フレイム・オブ・レーヴァテイン」	リーダー	-				-					https://shadowverse-evolve.com/cardlist/?cardno=BP03-LD01
BP04-001	カシオペア	エルフ		ブースターパック第4弾「天星神話」	フォロワー	LG	5	4	5	精霊・星神		"
ファンファーレ相手のフォロワーを好きな枚数選ぶ。それにXダメージを割りふる。Xは「自分の手札とEXエリアのカードの合計」である。
"			https://shadowverse-evolve.com/cardlist/?cardno=BP04-001
BP04-002	森の魔女・C.C.	エルフ		ブースターパック第4弾「天星神話」	フォロワー	LG	5	4	5	精霊・星神		"
ファンファーレ相手のフォロワーを好きな枚数選ぶ。それにXダメージを割りふる。Xは「自分の手札とEXエリアのカードの合計」である。
"			https://shadowverse-evolve.com/cardlist/?cardno=BP04-002
BP04-003	深き森の異形	エルフ		ブースターパック第4弾「天星神話」	フォロワー	LG	7	8	8	植物族		"
進化コスト1：これは進化する。

これが相手のリーダーへの攻撃ダメージを与えたとき、自分はこのバトルに勝利する。
"			https://shadowverse-evolve.com/cardlist/?cardno=BP04-003
BP04-004	深き森の異形	エルフ		ブースターパック第4弾「天星神話」	フォロワー・エボルヴ	LG		10	10	植物族		"
これが相手のリーダーへの攻撃ダメージを与えたとき、自分はこのバトルに勝利する。

【進化時】相手のフォロワー1体を選ぶ。それのプレイヤーはそれをデッキの下に置く。（デッキに置いたトークンはゲームから取り除く）
"			https://shadowverse-evolve.com/cardlist/?cardno=BP04-004
BP04-005	キングエレファント	エルフ		ブースターパック第4弾「天星神話」	フォロワー	GR	6	1	1	狩人・獣		"
進化コスト4：これは進化する。

【疾走】

ファンファーレ自分の場のカードを好きな枚数選ぶ。それを手札に戻す。これは攻撃力+X/体力+Xする。Xは「自分の手札の枚数」である。（手札に戻ったトークンはゲームから取り除く）
"			https://shadowverse-evolve.com/cardlist/?cardno=BP04-005
BP04-006	キングエレファント	エルフ		ブースターパック第4弾「天星神話」	フォロワー・エボルヴ	GR		1	1	狩人・獣		"
【疾走】

これは【守護】を無視して攻撃できる。

【進化時】これは攻撃力+X/体力+Xする。Xは「自分の手札の枚数」である。
"			https://shadowverse-evolve.com/cardlist/?cardno=BP04-006
BP04-007	オシャレ女王・ネルシャ	エルフ		ブースターパック第4弾「天星神話」	フォロワー	GR	2	2	3	エルフ族		"
起動これをアクト：【コンボ_3】下記から1つチョイスする。【1】自分の他のフォロワー1体を選ぶ。それは攻撃力+2/体力+2する。【2】相手のフォロワー1体を選ぶ。それは攻撃力-2/体力-2する。
"			https://shadowverse-evolve.com/cardlist/?cardno=BP04-007
BP04-008	新緑の加護	エルフ		ブースターパック第4弾「天星神話」	アミュレット	GR	1			エルフ族		"
これが場を離れたとき、『フェアリーウィスプ』1枚をEXエリアに置く。

起動コスト1これをアクト墓場に置く：自分のエルフフォロワー1体を選ぶ。それは体力+1する。【コンボ_3】さらに攻撃力+1する。

―――――――――――――――

『フェアリーウィスプ』エルフ妖精・フォロワーコスト0攻撃力1/体力1
"			https://shadowverse-evolve.com/cardlist/?cardno=BP04-008
BP04-009	不可侵領域	エルフ		ブースターパック第4弾「天星神話」	アミュレット	GR	1			エルフ族		"
これが場を離れたとき、『フェアリーウィスプ』1枚をEXエリアに置く。

起動コスト1これをアクト墓場に置く：自分のエルフフォロワー1体を選ぶ。それは体力+1する。【コンボ_3】さらに攻撃力+1する。

―――――――――――――――

『フェアリーウィスプ』エルフ妖精・フォロワーコスト0攻撃力1/体力1
"			https://shadowverse-evolve.com/cardlist/?cardno=BP04-009
BP04-010	小さな勇士・スクナ	エルフ		ブースターパック第4弾「天星神話」	フォロワー	SR	1	1	1	狩人		"
進化コスト1：これは進化する。
"			https://shadowverse-evolve.com/cardlist/?cardno=BP04-010
BP04-011	小さな勇士・スクナ	エルフ		ブースターパック第4弾「天星神話」	フォロワー・エボルヴ	SR		2	2	狩人		"
【疾走】

【進化時】【コンボ_3】これは攻撃力+1/体力+1する。【コンボ_5】代わりに攻撃力+3/体力+3する。
"			https://shadowverse-evolve.com/cardlist/?cardno=BP04-011
BP04-012	忌刃鬼	エルフ		ブースターパック第4弾「天星神話」	フォロワー	SR	4	4	4	狩人		"
ファンファーレラストワード相手のリーダーすべてと相手のフォロワーすべてに1ダメージ。
"			https://shadowverse-evolve.com/cardlist/?cardno=BP04-012
BP04-013	妖精の調べ	エルフ		ブースターパック第4弾「天星神話」	スペル	SR	2			妖精		"
『フェアリー』1体を出す。【コンボ_3】自分のエルフフォロワーすべては攻撃力+1/体力+1する。

―――――――――――――――

『フェアリー』エルフ妖精・フォロワーコスト1攻撃力1/体力1
"			https://shadowverse-evolve.com/cardlist/?cardno=BP04-013
BP04-014	スターリーエルフ	エルフ		ブースターパック第4弾「天星神話」	フォロワー	BR	3	3	3	エルフ族・星神		"
ファンファーレ自分のデッキからアミュレット1枚を探し、手札に加える。
"			https://shadowverse-evolve.com/cardlist/?cardno=BP04-014
BP04-015	心優しきエルフ・フィト	エルフ		ブースターパック第4弾「天星神話」	フォロワー	BR	2	2	1	エルフ族		"
進化コスト1：これは進化する。
"			https://shadowverse-evolve.com/cardlist/?cardno=BP04-015
BP04-016	心優しきエルフ・フィト	エルフ		ブースターパック第4弾「天星神話」	フォロワー・エボルヴ	BR		3	2	エルフ族		"
【進化時】自分のリーダーは体力+1する。1枚引く。
"			https://shadowverse-evolve.com/cardlist/?cardno=BP04-016
BP04-017	ドリアード	エルフ		ブースターパック第4弾「天星神話」	フォロワー	BR	2	2	3	精霊・植物族		"
【攻撃時】相手のフォロワー1体を選ぶ。それは攻撃力-1する。
"			https://shadowverse-evolve.com/cardlist/?cardno=BP04-017
BP04-018	ビートルウォーリアー	エルフ		ブースターパック第4弾「天星神話」	フォロワー	BR	3	3	4	狩人・虫族		"
ファンファーレ【コンボ_3】これは攻撃力+1/体力+1して、【疾走】を持つ。
"			https://shadowverse-evolve.com/cardlist/?cardno=BP04-018
BP04-019	蔦の魔弾	エルフ		ブースターパック第4弾「天星神話」	スペル	BR	3			エルフ族		"
相手のフォロワー1体を選ぶ。それに5ダメージ。【コンボ_3】それのリーダーに3ダメージ。
"			https://shadowverse-evolve.com/cardlist/?cardno=BP04-019
BP04-LD01	C.C.	エルフ		ブースターパック第4弾「天星神話」	リーダー	-				-					https://shadowverse-evolve.com/cardlist/?cardno=BP04-LD01
BP05-001	不殺の絶傑・エズディア	エルフ		ブースターパック第5弾「永劫なる絶傑」	フォロワー	LG	5	4	4	絶傑・狩人		"
進化コスト1：これは進化する。

ファンファーレ自分の墓場の狩人・カードが3枚以上なら、相手の場のフォロワー1体を選ぶ。それをアミュレットにする。それは「起動コスト2：これを墓場に置く」を持つ。
"			https://shadowverse-evolve.com/cardlist/?cardno=BP05-001
BP05-002	不殺の絶傑・エズディア	エルフ		ブースターパック第5弾「永劫なる絶傑」	フォロワー・エボルヴ	LG		5	5	絶傑・狩人		"
起動これをアクト：体力10以上の相手のリーダーすべてに6ダメージ。
"			https://shadowverse-evolve.com/cardlist/?cardno=BP05-002
BP05-003	神秘の番人・スピネ	エルフ		ブースターパック第5弾「永劫なる絶傑」	フォロワー	LG	5	3	5	超克		"
【守護】

ファンファーレ自分のデッキの上4枚を見る。その中から、エルフフォロワーとエルフスペルそれぞれ1枚まで公開して手札に加えてよい。残りを好きな順にデッキの下に置く。【コンボ_3】自分のPPを3回復する。
"			https://shadowverse-evolve.com/cardlist/?cardno=BP05-003
BP05-004	不殺の使徒	エルフ		ブースターパック第5弾「永劫なる絶傑」	フォロワー	GR	3	3	3	絶傑・狩人		"
進化コスト1：これは進化する。
"			https://shadowverse-evolve.com/cardlist/?cardno=BP05-004
BP05-005	不殺の使徒	エルフ		ブースターパック第5弾「永劫なる絶傑」	フォロワー・エボルヴ	GR		4	4	絶傑・狩人		"
【進化時】自分のデッキから元のコスト2以下の狩人・フォロワー1枚を探し、場に出す。
"			https://shadowverse-evolve.com/cardlist/?cardno=BP05-005
BP05-006	マインドルーラー・モートン	エルフ		ブースターパック第5弾「永劫なる絶傑」	フォロワー	GR	3	3	3	超克		"
自分のエンドフェイズが来たとき、相手プレイヤー1人は下記から1つチョイスする。【1】次のスタートフェイズに1枚引けない。【2】次のスタートフェイズにPP最大値を+1できない。【3】次のメインフェイズにフォロワーをプレイできない。
"			https://shadowverse-evolve.com/cardlist/?cardno=BP05-006
BP05-007	妖精の奔流	エルフ		ブースターパック第5弾「永劫なる絶傑」	スペル	GR	1			妖精		"
クイック

自分の場の妖精・フォロワー2体まで選ぶ。それをEXエリアに置く。これによってEXエリアに置いたなら、自分のリーダーは体力+2する。
"			https://shadowverse-evolve.com/cardlist/?cardno=BP05-007
BP05-008	不殺の信者	エルフ		ブースターパック第5弾「永劫なる絶傑」	フォロワー	SR	2	1	3	絶傑・狩人		"
ファンファーレ自分のデッキの上1枚を見る。その中から、狩人・カード1枚を公開して手札に加えてよい。
"			https://shadowverse-evolve.com/cardlist/?cardno=BP05-008
BP05-009	復讐の人形遣い・ノア	エルフ		ブースターパック第5弾「永劫なる絶傑」	フォロワー	SR	5	3	6	人形		"
進化コスト2：これは進化する。

自分の場に『操り人形』が出たとき、それは攻撃力+1して、【疾走】を持つ。

ファンファーレ『操り人形』2枚をEXエリアに置く。

―――――――――――――――

『操り人形』ニュートラル人形・フォロワーコスト1攻撃力1/体力1【突進】
"			https://shadowverse-evolve.com/cardlist/?cardno=BP05-009
BP05-010	復讐の人形遣い・ノア	エルフ		ブースターパック第5弾「永劫なる絶傑」	フォロワー・エボルヴ	SR		4	7	人形		"
これがいる限り、自分が『操り人形』をプレイする際、コストを-1する。

自分の場に『操り人形』が出たとき、それは攻撃力+1して、【疾走】を持つ。
"			https://shadowverse-evolve.com/cardlist/?cardno=BP05-010
BP05-011	不殺の刻印	エルフ		ブースターパック第5弾「永劫なる絶傑」	スペル	SR	2			絶傑・狩人		"
相手の場のフォロワー1体を選ぶ。それにXダメージ。Xは「それの体力-1」である。自分の墓場の狩人・カードが3枚以上なら、1枚引く。
"			https://shadowverse-evolve.com/cardlist/?cardno=BP05-011
BP05-012	不殺の従者	エルフ		ブースターパック第5弾「永劫なる絶傑」	フォロワー	BR	1	2	2	絶傑・狩人		"
ファンファーレ自分の墓場の狩人・カードが3枚以上なら、自分のリーダーは体力+2する。
"			https://shadowverse-evolve.com/cardlist/?cardno=BP05-012
BP05-013	機構の弓兵	エルフ		ブースターパック第5弾「永劫なる絶傑」	フォロワー	BR	4	4	4	狩人・超克		"
ファンファーレEXエリアのカード1枚を消滅：相手の場のフォロワー1体を選ぶ。それに5ダメージ。
"			https://shadowverse-evolve.com/cardlist/?cardno=BP05-013
BP05-014	フラワードール	エルフ		ブースターパック第5弾「永劫なる絶傑」	フォロワー	BR	2	2	2	人形・植物族		"
進化コスト1：これは進化する。

ファンファーレ『操り人形』1枚をEXエリアに置く。

―――――――――――――――

『操り人形』ニュートラル人形・フォロワーコスト1攻撃力1/体力1【突進】
"			https://shadowverse-evolve.com/cardlist/?cardno=BP05-014
BP05-015	フラワードール	エルフ		ブースターパック第5弾「永劫なる絶傑」	フォロワー・エボルヴ	BR		3	3	人形・植物族		"
ラストワード自分の墓場の人形・フォロワー1枚まで選ぶ。それを手札に加える。
"			https://shadowverse-evolve.com/cardlist/?cardno=BP05-015
BP05-016	オートマタソルジャー	エルフ		ブースターパック第5弾「永劫なる絶傑」	フォロワー	BR	3	3	4	人形・虫族		"
【守護】

ファンファーレ『操り人形』2枚をEXエリアに置く。

―――――――――――――――

『操り人形』ニュートラル人形・フォロワーコスト1攻撃力1/体力1【突進】
"			https://shadowverse-evolve.com/cardlist/?cardno=BP05-016
BP05-017	むつらの刻印	エルフ		ブースターパック第5弾「永劫なる絶傑」	スペル	BR	1			絶傑・狩人		"
クイック

このターン、自分のリーダーは次のダメージを受けない。
"			https://shadowverse-evolve.com/cardlist/?cardno=BP05-017
BP05-LD01	自然統べし女王・リザ	エルフ		ブースターパック第5弾「永劫なる絶傑」	リーダー	-				-					https://shadowverse-evolve.com/cardlist/?cardno=BP05-LD01
BP06-001	フォレストエース・リマーガ	エルフ		ブースターパック第6弾「絶対なる覇者」	フォロワー	LG	6	4	4	挑戦者・狩人		"
進化コスト2：これは進化する。

【疾走】【必殺】

ファンファーレ自分のデッキの上4枚を見る。その中から、元のコスト4以下の狩人・フォロワー1枚を場に出してよい。残りを好きな順にデッキの下に置く。
"			https://shadowverse-evolve.com/cardlist/?cardno=BP06-001
BP06-002	フォレストエース・リマーガ	エルフ		ブースターパック第6弾「絶対なる覇者」	フォロワー・エボルヴ	LG		5	5	挑戦者・狩人		"
【疾走】【必殺】

【進化時】自分のデッキの上4枚を見る。その中から、元のコスト4以下の狩人・フォロワー1枚を場に出してよい。残りを好きな順にデッキの下に置く。
"			https://shadowverse-evolve.com/cardlist/?cardno=BP06-002
BP06-003	フェアリーブレイダー・アマツ	エルフ		ブースターパック第6弾「絶対なる覇者」	フォロワー	LG	2	2	2	エルフ族・精霊		"
ファンファーレ『フェアリー』1枚をEXエリアに置く。自分のEXエリアの妖精・フォロワーすべては攻撃力+1/体力+1する。

起動これをアクト：元のコスト1以下の自分の場の妖精・フォロワー2体まで選ぶ。それは【疾走】を持つ。

―――――――――――――――

『フェアリー』エルフ妖精・フォロワーコスト1攻撃力1/体力1
"			https://shadowverse-evolve.com/cardlist/?cardno=BP06-003
BP06-004	プラントエルフ	エルフ		ブースターパック第6弾「絶対なる覇者」	フォロワー	GR	2	2	3	エルフ族		"
ファンファーレEXエリアの妖精・トークン1枚を消滅：自分のデッキの上4枚を見る。その中から、エルフカード1枚を公開して手札に加えてよい。残りを好きな順にデッキの下に置く。
"			https://shadowverse-evolve.com/cardlist/?cardno=BP06-004
BP06-005	原生林の族長	エルフ		ブースターパック第6弾「絶対なる覇者」	フォロワー	GR	4	3	3	狩人		"
進化コスト2：これは進化する。

ファンファーレこれが能力によって場に出ていたなら、これは進化する。
"			https://shadowverse-evolve.com/cardlist/?cardno=BP06-005
BP06-006	原生林の族長	エルフ		ブースターパック第6弾「絶対なる覇者」	フォロワー・エボルヴ	GR		4	4	狩人		"
【進化時】自分の墓場の元のコスト2以下の狩人・フォロワー2枚まで選ぶ。それを場に出す。
"			https://shadowverse-evolve.com/cardlist/?cardno=BP06-006
BP06-007	フェアリードラゴン	エルフ		ブースターパック第6弾「絶対なる覇者」	フォロワー	GR	2	0	4	妖精・精霊		"
【守護】

ファンファーレこれは攻撃力+Xする。Xは「自分の場と自分のEXエリアの妖精・トークンの枚数の合計」である。

ラストワード『フェアリーウィスプ』1枚と『フェアリー』1枚をEXエリアに置く。

―――――――――――――――

『フェアリーウィスプ』エルフ妖精・フォロワーコスト0攻撃力1/体力1

『フェアリー』エルフ妖精・フォロワーコスト1攻撃力1/体力1
"			https://shadowverse-evolve.com/cardlist/?cardno=BP06-007
BP06-008	森林の撃砕者	エルフ		ブースターパック第6弾「絶対なる覇者」	フォロワー	SR	2	2	2	狩人		"
進化コスト1：これは進化する。

ファンファーレこれが能力によって場に出ていたなら、これは【疾走】を持つ。
"			https://shadowverse-evolve.com/cardlist/?cardno=BP06-008
BP06-009	森林の撃砕者	エルフ		ブースターパック第6弾「絶対なる覇者」	フォロワー・エボルヴ	SR		3	3	狩人		"
【進化時】相手の場のフォロワー1体を選ぶ。それに2ダメージ。
"			https://shadowverse-evolve.com/cardlist/?cardno=BP06-009
BP06-010	アサルトジャガー	エルフ		ブースターパック第6弾「絶対なる覇者」	フォロワー	SR	3	4	1	狩人		"
【突進】

ラストワード自分のデッキの上2枚を見る。その中から、狩人・カード1枚を公開して手札に加えてよい。残りを墓場に置く。
"			https://shadowverse-evolve.com/cardlist/?cardno=BP06-010
BP06-011	スピリットシャイン	エルフ		ブースターパック第6弾「絶対なる覇者」	スペル	SR	1			精霊		"
下記から1つチョイスする。【1】自分の場か自分のEXエリアの妖精・トークン1枚を選ぶ。それは攻撃力+2/体力+2する。【2】『フェアリー』2枚をEXエリアに置く。

―――――――――――――――

『フェアリー』エルフ妖精・フォロワーコスト1攻撃力1/体力1
"			https://shadowverse-evolve.com/cardlist/?cardno=BP06-011
BP06-012	密林の守人	エルフ		ブースターパック第6弾「絶対なる覇者」	フォロワー	BR	2	3	2	狩人		"
【守護】

ファンファーレ自分のデッキの上1枚を墓場に置く。その後、自分の墓場の狩人・カードが3枚以上なら、これは体力+1する。
"			https://shadowverse-evolve.com/cardlist/?cardno=BP06-012
BP06-013	クロスボウスナイパー	エルフ		ブースターパック第6弾「絶対なる覇者」	フォロワー	BR	1	1	1	狩人		"
ファンファーレ手札の狩人・カード1枚を捨てる：相手のリーダー1人か相手の場のフォロワー1体を選ぶ。それに1ダメージ。1枚引く。
"			https://shadowverse-evolve.com/cardlist/?cardno=BP06-013
BP06-014	ハンマーモンキー	エルフ		ブースターパック第6弾「絶対なる覇者」	フォロワー	BR	3	2	1	精霊・獣		"
進化コスト1：これは進化する。

【疾走】

ファンファーレコスト2：自分のデッキから『ハンマーモンキー』1枚を探し、場に出す。
"			https://shadowverse-evolve.com/cardlist/?cardno=BP06-014
BP06-015	ハンマーモンキー	エルフ		ブースターパック第6弾「絶対なる覇者」	フォロワー・エボルヴ	BR		4	3	精霊・獣		"
【疾走】
"			https://shadowverse-evolve.com/cardlist/?cardno=BP06-015
BP06-016	ブリッツエルフ	エルフ		ブースターパック第6弾「絶対なる覇者」	フォロワー	BR	5	4	4	エルフ族		"
これをプレイする際、コストを-Xする。Xは「自分の場の『フェアリー』の数」である。

【突進】【指定攻撃】
"			https://shadowverse-evolve.com/cardlist/?cardno=BP06-016
BP06-017	クロスコンビネーション	エルフ		ブースターパック第6弾「絶対なる覇者」	スペル	BR	1			狩人		"
場の狩人・フォロワー2体をアクト：相手の場のフォロワー1体を選ぶ。それに4ダメージ。
"			https://shadowverse-evolve.com/cardlist/?cardno=BP06-017
BP06-LD01	優しき猛毒・リコリス	エルフ		ブースターパック第6弾「絶対なる覇者」	リーダー	-				-					https://shadowverse-evolve.com/cardlist/?cardno=BP06-LD01
BP07-001	回帰する抱擁・ラティカ	エルフ		ブースターパック第7弾「森羅鋼鉄」	フォロワー	LG	4	5	5	自然・獣		"
進化コスト1：これは進化する。この能力は「このターン中に自分がプレイしたカードの枚数」が5枚以上なら使える。

自分の場に『ナテラの大樹』が出たとき、自分のPPを1回復する。
"			https://shadowverse-evolve.com/cardlist/?cardno=BP07-001
BP07-002	回帰する抱擁・ラティカ	エルフ		ブースターパック第7弾「森羅鋼鉄」	フォロワー・エボルヴ	LG		6	6	自然・獣		"
【疾走】

自分の場に『ナテラの大樹』が出たとき、自分のPPを1回復する。
"			https://shadowverse-evolve.com/cardlist/?cardno=BP07-002
BP07-003	クイーンセイバー・シンシア	エルフ		ブースターパック第7弾「森羅鋼鉄」	フォロワー	LG	6	4	6	エルフ族		"
これがいる限り、自分の場の妖精・トークンすべては【疾走】【指定攻撃】を持つ。

自分の場に妖精・トークンが出たとき、それは攻撃力+2する。

ファンファーレ『フェアリーウィスプ』1枚をEXエリアに置く。自分の場の妖精・トークンすべては攻撃力+2する。

―――――――――――――――

『フェアリーウィスプ』エルフ妖精・フォロワーコスト0攻撃力1/体力1
"			https://shadowverse-evolve.com/cardlist/?cardno=BP07-003
BP07-004	プライマルギガント	エルフ		ブースターパック第7弾「森羅鋼鉄」	フォロワー	GR	9	7	7	自然・精霊		"
これを自分の手札から捨てたとき、『ナテラの大樹』1枚をEXエリアに置く。

これをプレイする際、場の自然・カード4枚を墓場に置く：コストを-4する。

ファンファーレ自分の墓場の元のコスト5以下のエルフフォロワー1枚を選ぶ。それを場に出す。
"			https://shadowverse-evolve.com/cardlist/?cardno=BP07-004
BP07-005	獣戦士・セタス	エルフ		ブースターパック第7弾「森羅鋼鉄」	フォロワー	GR	5	3	5	獣		"
進化コスト2：これは進化する。

【守護】

自分のエンドフェイズが来たとき、自分のリーダーは体力+4する。このターン、自分のフォロワーが場から墓場に置かれていたなら、これは攻撃力+2/体力+2する。
"			https://shadowverse-evolve.com/cardlist/?cardno=BP07-005
BP07-006	獣戦士・セタス	エルフ		ブースターパック第7弾「森羅鋼鉄」	フォロワー・エボルヴ	GR		4	6	獣		"
【守護】

自分のエンドフェイズが来たとき、自分のリーダーは体力+4する。このターン、自分のフォロワーが場から墓場に置かれていたなら、これは攻撃力+2/体力+2する。

【進化時】自分の墓場の元のコスト3以下のフォロワー1枚を選ぶ。それを場に出す。
"			https://shadowverse-evolve.com/cardlist/?cardno=BP07-006
BP07-007	大いなる回帰	エルフ		ブースターパック第7弾「森羅鋼鉄」	スペル	GR	0			自然・獣		"
自分の場の『回帰する抱擁・ラティカ』1体を選ぶ。それは攻撃力+1/体力+1する。【コンボ_5】相手の場のフォロワーすべてに「それの攻撃力」と同じダメージ。
"			https://shadowverse-evolve.com/cardlist/?cardno=BP07-007
BP07-008	ブルームスピリット	エルフ		ブースターパック第7弾「森羅鋼鉄」	フォロワー	SR	3	2	3	自然・精霊		"
進化コスト1：これは進化する。

ファンファーレ『ナテラの大樹』1枚か『フェアリー』1枚をEXエリアに置く。

―――――――――――――――

『ナテラの大樹』ニュートラル自然・アミュレットコスト1これが場を離れたとき、1枚引く。自分の手札1枚を捨てる。起動コスト1：これを墓場に置く。

『フェアリー』エルフ妖精・フォロワーコスト1攻撃力1/体力1
"			https://shadowverse-evolve.com/cardlist/?cardno=BP07-008
BP07-009	ブルームスピリット	エルフ		ブースターパック第7弾「森羅鋼鉄」	フォロワー・エボルヴ	SR		3	4	自然・精霊		"
【進化時】相手の場のフォロワー1体を選ぶ。それに2ダメージ。自分のEXエリアのカードが3枚以上なら、代わりに4ダメージ。
"			https://shadowverse-evolve.com/cardlist/?cardno=BP07-009
BP07-010	萌芽の化身	エルフ		ブースターパック第7弾「森羅鋼鉄」	フォロワー	SR	2	3	2	自然・精霊		"
これがいる限り、自分が『ナテラの大樹』をプレイする際、コストを-1する。

ファンファーレ『ナテラの大樹』1枚をEXエリアに置く。

―――――――――――――――

『ナテラの大樹』ニュートラル自然・アミュレットコスト1これが場を離れたとき、1枚引く。自分の手札1枚を捨てる。起動コスト1：これを墓場に置く。
"			https://shadowverse-evolve.com/cardlist/?cardno=BP07-010
BP07-011	神鉄圧錬法	エルフ		ブースターパック第7弾「森羅鋼鉄」	スペル	SR	1			エルフ族		"
自分の場や自分のEXエリアの妖精・フォロワー2枚まで選ぶ。それは攻撃力+1する。【コンボ_3】1枚引く。
"			https://shadowverse-evolve.com/cardlist/?cardno=BP07-011
BP07-012	チェシャキャット	エルフ		ブースターパック第7弾「森羅鋼鉄」	フォロワー	BR	1	1	2	獣・童話		"
ファンファーレ相手のリーダー1人か相手の場のフォロワー1体を選ぶ。それに1ダメージ。これが手札以外から場に出ていたなら、代わりに2ダメージ。

起動これをアクトデッキの下に置く：自分の場か自分のEXエリアの童話・フォロワー1枚を選ぶ。それに童話カウンター2つを置く。
"			https://shadowverse-evolve.com/cardlist/?cardno=BP07-012
BP07-013	スケアリートレント	エルフ		ブースターパック第7弾「森羅鋼鉄」	フォロワー	BR	2	2	3	自然・植物族		"
ファンファーレ『ナテラの大樹』1枚をEXエリアに置く。

起動場の『ナテラの大樹』1つを消滅：自分のリーダーは体力+3する。この能力は1ターンに1回使える。

―――――――――――――――

『ナテラの大樹』ニュートラル自然・アミュレットコスト1これが場を離れたとき、1枚引く。自分の手札1枚を捨てる。起動コスト1：これを墓場に置く。
"			https://shadowverse-evolve.com/cardlist/?cardno=BP07-013
BP07-014	森の隠者	エルフ		ブースターパック第7弾「森羅鋼鉄」	フォロワー	BR	1	1	1	狩人		"
進化コスト1：これは進化する。

ファンファーレ『ナテラの大樹』1枚をEXエリアに置く。

―――――――――――――――

『ナテラの大樹』ニュートラル自然・アミュレットコスト1これが場を離れたとき、1枚引く。自分の手札1枚を捨てる。起動コスト1：これを墓場に置く。
"			https://shadowverse-evolve.com/cardlist/?cardno=BP07-014
BP07-015	森の隠者	エルフ		ブースターパック第7弾「森羅鋼鉄」	フォロワー・エボルヴ	BR		2	2	狩人		"
【進化時】自分の墓場の自然・カード1枚を選ぶ。それを手札に加える。
"			https://shadowverse-evolve.com/cardlist/?cardno=BP07-015
BP07-016	奇妙な帽子屋	エルフ		ブースターパック第7弾「森羅鋼鉄」	フォロワー	BR	2	2	3	童話		"
ファンファーレ自分の場に他の童話・カードがあるなら、自分のデッキから童話・フォロワー1枚を探し、EXエリアに置く。それに童話カウンター1つを置いてよい。
"			https://shadowverse-evolve.com/cardlist/?cardno=BP07-016
BP07-017	ナチュラル・マナ	エルフ		ブースターパック第7弾「森羅鋼鉄」	スペル	BR	1			自然		"
『ナテラの大樹』1枚をEXエリアに置く。【コンボ_3】代わりに2枚。自分のリーダーは体力+2する。

―――――――――――――――

『ナテラの大樹』ニュートラル自然・アミュレットコスト1これが場を離れたとき、1枚引く。自分の手札1枚を捨てる。起動コスト1：これを墓場に置く。
"			https://shadowverse-evolve.com/cardlist/?cardno=BP07-017
BP08-001	森の巫女・パメラ	エルフ		ブースターパック第8弾「次元混沌」	フォロワー	LG	7	4	7	精霊・ダンサー		"
【守護】

自分のエンドフェイズが来たとき、自分の場の他のフォロワーすべては攻撃力+2/体力+2する。自分のリーダーは体力+4する。

ファンファーレ相手の場のフォロワー1体を選ぶ。それをデッキの上に置く。（デッキに置いたトークンはゲームから取り除く）
"			https://shadowverse-evolve.com/cardlist/?cardno=BP08-001
BP08-002	人形の少女・オーキス	エルフ		ブースターパック第8弾「次元混沌」	フォロワー	LG	3	2	2	人形		"
進化コスト1：これは『決意の人形・オーキス』に進化する。

進化コスト4：これは『復讐の人形・オーキス』に進化する。この能力は自分の墓場の人形・カードが3枚以上なら使える。
"			https://shadowverse-evolve.com/cardlist/?cardno=BP08-002
BP08-003	決意の人形・オーキス	エルフ		ブースターパック第8弾「次元混沌」	フォロワー・エボルヴ	LG		3	3	人形・光輝 / 人形・キラー		"
自分のターンごとに1回、自分の『操り人形』が場を離れたとき、『ロイド』1枚をEXエリアに置く。

【進化時】『操り人形』2体を出す。

―――――――――――――――

『操り人形』ニュートラル人形・フォロワーコスト1攻撃力1/体力1【突進】

『ロイド』エルフ人形・フォロワーコスト0攻撃力2/体力4これは場にいる限り、『操り人形』でもある。【守護】ファンファーレ自分のリーダーは体力+2する。
"			https://shadowverse-evolve.com/cardlist/?cardno=BP08-003
BP08-004	殺戮の人形・ツヴァイ	エルフ		ブースターパック第8弾「次元混沌」	フォロワー	GR	3	2	2	人形・キラー		"
進化コスト2：これは進化する。

ファンファーレ自分のEXエリアの『操り人形』1枚を選ぶ。それは『ヴィクトリア』に変身する。

―――――――――――――――

『ヴィクトリア』エルフ人形・キラー・フォロワーコスト0攻撃力4/体力1これは場にいる限り、『操り人形』でもある。【突進】【指定攻撃】ファンファーレ1枚引く。
"			https://shadowverse-evolve.com/cardlist/?cardno=BP08-004
BP08-005	殺戮の人形・ツヴァイ	エルフ		ブースターパック第8弾「次元混沌」	フォロワー・エボルヴ	GR		4	4	人形・キラー		"
【進化時】自分の場の『ヴィクトリア』1体を選ぶ。このターン、それはダメージを受けない。
"			https://shadowverse-evolve.com/cardlist/?cardno=BP08-005
BP08-006	猛毒の姫・リコリス	エルフ		ブースターパック第8弾「次元混沌」	フォロワー	GR	3	1	3	植物族・プリンセス		"
【必殺】

自分のターン中、相手のフォロワーが場から墓場に置かれたとき、それのリーダーに1ダメージ。

起動これをアクト：自分の場の他のフォロワー1体を選ぶ。それは【必殺】を持つ。
"			https://shadowverse-evolve.com/cardlist/?cardno=BP08-006
BP08-007	ルナールツインズ・リナ＆レナ	エルフ		ブースターパック第8弾「次元混沌」	フォロワー	GR	4	3	3	狩人・獣		"
【疾走】

【攻撃時】自分の場のフォロワーが3体以上なら、これは攻撃力+1する。
"			https://shadowverse-evolve.com/cardlist/?cardno=BP08-007
BP08-008	心読む少女・ミツェル	エルフ		ブースターパック第8弾「次元混沌」	フォロワー	SR	1	1	1	精霊		"
進化コスト2：これは進化する。
"			https://shadowverse-evolve.com/cardlist/?cardno=BP08-008
BP08-009	心読む少女・ミツェル	エルフ		ブースターパック第8弾「次元混沌」	フォロワー・エボルヴ	SR		2	2	精霊		"
【進化時】自分のデッキから元のコスト5以上のエルフフォロワー1枚を探し、手札に加える。
"			https://shadowverse-evolve.com/cardlist/?cardno=BP08-009
BP08-010	人形の支配者・リーアム	エルフ		ブースターパック第8弾「次元混沌」	フォロワー	SR	2	2	2	人形・キラー		"
ファンファーレ『操り人形』2枚をEXエリアに置く。

起動これをアクト：自分のデッキの上3枚を見る。その中から、人形・カード1枚を公開して手札に加えてよい。残りを好きな順にデッキの下に置く。この能力は自分の墓場の人形・カードが3枚以上なら使える。

―――――――――――――――

『操り人形』ニュートラル人形・フォロワーコスト1攻撃力1/体力1【突進】
"			https://shadowverse-evolve.com/cardlist/?cardno=BP08-010
BP08-011	心無き決闘	エルフ		ブースターパック第8弾「次元混沌」	スペル	SR	3			人形・キラー		"
自分のEXエリアの『操り人形』2枚を選ぶ。それはそれぞれ『ロイド』と『ヴィクトリア』に変身する。

―――――――――――――――

『ロイド』エルフ人形・フォロワーコスト0攻撃力2/体力4これは場にいる限り、『操り人形』でもある。【守護】ファンファーレ自分のリーダーは体力+2する。

『ヴィクトリア』エルフ人形・キラー・フォロワーコスト0攻撃力4/体力1これは場にいる限り、『操り人形』でもある。【突進】【指定攻撃】ファンファーレ1枚引く。
"			https://shadowverse-evolve.com/cardlist/?cardno=BP08-011
BP08-012	ジャンク	エルフ		ブースターパック第8弾「次元混沌」	フォロワー	BR	1	1	2	人形		"
ファンファーレ『操り人形』2枚をEXエリアに置く。

―――――――――――――――

『操り人形』ニュートラル人形・フォロワーコスト1攻撃力1/体力1【突進】
"			https://shadowverse-evolve.com/cardlist/?cardno=BP08-012
BP08-013	狂気のダークエルフ	エルフ		ブースターパック第8弾「次元混沌」	フォロワー	BR	4	4	4	エルフ族・キラー		"
進化コスト1：これは進化する。

【攻撃時】『フェアリーウィスプ』1枚をEXエリアに置く。

―――――――――――――――

『フェアリーウィスプ』エルフ妖精・フォロワーコスト0攻撃力1/体力1
"			https://shadowverse-evolve.com/cardlist/?cardno=BP08-013
BP08-014	狂気のダークエルフ	エルフ		ブースターパック第8弾「次元混沌」	フォロワー・エボルヴ	BR		5	5	エルフ族・キラー		"
自分のターン中、これが交戦ダメージを与えたとき、これをスタンドする。

【攻撃時】『フェアリーウィスプ』1枚をEXエリアに置く。
"			https://shadowverse-evolve.com/cardlist/?cardno=BP08-014
BP08-015	不殺の狂信者	エルフ		ブースターパック第8弾「次元混沌」	フォロワー	BR	2	2	3	絶傑・狩人・キラー		"
ファンファーレ自分の墓場の狩人・カードが3枚以上なら、相手の場のフォロワー1体を選ぶ。それは攻撃力-4する。
"			https://shadowverse-evolve.com/cardlist/?cardno=BP08-015
BP08-016	歴史を知る者	エルフ		ブースターパック第8弾「次元混沌」	フォロワー	BR	4	3	3	超克		"
自分の場にトークン・フォロワーが出たとき、相手の場のフォロワー1体を選ぶ。それに2ダメージ。

ファンファーレ『エンシェントアーティファクト』1体を出す。

―――――――――――――――

『エンシェントアーティファクト』ニュートラル超克・フォロワーコスト1攻撃力3/体力1【突進】
"			https://shadowverse-evolve.com/cardlist/?cardno=BP08-016
BP08-017	不殺の円陣	エルフ		ブースターパック第8弾「次元混沌」	アミュレット	BR	2			絶傑・狩人		"
ファンファーレ相手の場のフォロワー1体を選ぶ。それは攻撃力-2する。

起動コスト1これをアクト墓場に置く：自分の墓場の元のコスト2以下の狩人・フォロワー1枚を選ぶ。それを場に出す。
"			https://shadowverse-evolve.com/cardlist/?cardno=BP08-017
BP08-LD01	ハートオートマタ・オーキス	エルフ		ブースターパック第8弾「次元混沌」	リーダー	-				-					https://shadowverse-evolve.com/cardlist/?cardno=BP08-LD01
BP08-T01	ロイド	エルフ		ブースターパック第8弾「次元混沌」	フォロワー・トークン	-	0	2	4	人形		"
これは場にいる限り、『操り人形』でもある。

【守護】

ファンファーレ自分のリーダーは体力+2する。
"			https://shadowverse-evolve.com/cardlist/?cardno=BP08-T01
BP08-T02	ヴィクトリア	エルフ		ブースターパック第8弾「次元混沌」	フォロワー・トークン	-	0	4	1	人形・キラー		"
これは場にいる限り、『操り人形』でもある。

【突進】【指定攻撃】

ファンファーレ1枚引く。
"			https://shadowverse-evolve.com/cardlist/?cardno=BP08-T02
BP09-001	ユグドラシル	エルフ		ブースターパック第9弾「光影の二重奏」	フォロワー	LG	5	3	5	精霊・植物族		"
ファンファーレ自分のデッキからエルフスペル1枚を探し、手札に加える。

起動コスト1：自分の墓場の元のコストX以下のエルフスペル1枚を選ぶ。それをEXエリアに置く。Xは「自分の墓場にあるエルフスペルのカード名の種類数」である。このターン、それをプレイする際、コストを0にする。この能力は1ターンに1回使える。
"			https://shadowverse-evolve.com/cardlist/?cardno=BP09-001
BP09-002	ホワイトヴァナラ	エルフ		ブースターパック第9弾「光影の二重奏」	フォロワー	LG	4	2	2	精霊・獣		"
進化コスト1：これは進化する。

自分の場に他のフォロワーが出たとき、これは攻撃力+1/体力+1する。場に出たフォロワーが獣・フォロワーなら、代わりに攻撃力+2/体力+2する。
"			https://shadowverse-evolve.com/cardlist/?cardno=BP09-002
BP09-003	ホワイトヴァナラ	エルフ		ブースターパック第9弾「光影の二重奏」	フォロワー・エボルヴ	LG		3	3	精霊・獣		"
これの攻撃力が4以上である限り、これは【守護】を持つ。これの攻撃力が7以上である限り、これは【疾走】を持つ。これの攻撃力が10以上である限り、これは【守護】を無視して攻撃できる。

【攻撃時】相手の場のフォロワー1体を選ぶ。それに「これの攻撃力」と同じダメージ。
"			https://shadowverse-evolve.com/cardlist/?cardno=BP09-003
BP09-004	愛の妖精・ポーラ	エルフ		ブースターパック第9弾「光影の二重奏」	フォロワー	GR	2	2	2	妖精		"
進化コスト1：これは『深緑の純心・ポーラ』か『真紅の絆・ポーラ』に進化する。
"			https://shadowverse-evolve.com/cardlist/?cardno=BP09-004
BP09-005	深緑の純心・ポーラ	エルフ		ブースターパック第9弾「光影の二重奏」	フォロワー・エボルヴ	GR		3	3	妖精		"
【進化時】自分のデッキの上5枚を見る。その中から、エルフスペル1枚を公開して手札に加えてよい。残りを好きな順にデッキの下に置く。
"			https://shadowverse-evolve.com/cardlist/?cardno=BP09-005
BP09-006	翠嵐の斧使い	エルフ		ブースターパック第9弾「光影の二重奏」	フォロワー	GR	3	4	3	エルフ族・狩人		"
自分のターンごとに1回、自分が手札のエルフスペルを捨てたとき、1枚引く。

起動これをアクト手札1枚を捨てる：下記から1つチョイスする。【1】相手の場のフォロワー1体を選ぶ。それに4ダメージ。【2】相手のリーダーすべてに2ダメージ。
"			https://shadowverse-evolve.com/cardlist/?cardno=BP09-006
BP09-007	森羅の怒り	エルフ		ブースターパック第9弾「光影の二重奏」	スペル	GR	4			精霊・植物族・キラー		"
相手の場のフォロワーすべてに3ダメージ。自分の墓場にあるエルフスペルのカード名の種類数が5種類以上なら、代わりに5ダメージ。相手のリーダーすべてに2ダメージ。
"			https://shadowverse-evolve.com/cardlist/?cardno=BP09-007
BP09-008	歴戦の鷹匠	エルフ		ブースターパック第9弾「光影の二重奏」	フォロワー	SR	4	3	3	狩人・獣		"
進化コスト1：これは進化する。

ファンファーレ『ホーリーファルコン』1体を出す。

―――――――――――――――

『ホーリーファルコン』ビショップ鳥族・フォロワーコスト3攻撃力2/体力2【疾走】
"			https://shadowverse-evolve.com/cardlist/?cardno=BP09-008
BP09-009	歴戦の鷹匠	エルフ		ブースターパック第9弾「光影の二重奏」	フォロワー・エボルヴ	SR		4	4	狩人・獣		"
【進化時】自分の場の『ホーリーファルコン』1体を選ぶ。それは攻撃力+1して、【必殺】を持つ。
"			https://shadowverse-evolve.com/cardlist/?cardno=BP09-009
BP09-010	オウルマン	エルフ		ブースターパック第9弾「光影の二重奏」	フォロワー	SR	1	2	1	狩人・獣		"
ファンファーレ自分の場の他の獣・フォロワー1体を選ぶ。それは攻撃力+1/体力+1する。
"			https://shadowverse-evolve.com/cardlist/?cardno=BP09-010
BP09-011	万象の加護	エルフ		ブースターパック第9弾「光影の二重奏」	スペル	SR	1			精霊・植物族・光輝		"
クイック

1枚引く。自分の墓場にあるエルフスペルのカード名の種類数が5種類以上なら、自分のリーダーは体力+2する。
"			https://shadowverse-evolve.com/cardlist/?cardno=BP09-011
BP09-012	バッタの指揮者	エルフ		ブースターパック第9弾「光影の二重奏」	フォロワー	BR	3	3	3	精霊・虫族		"
進化コスト1：これは進化する。

ファンファーレ自分の墓場にあるエルフスペルのカード名の種類数が5種類以上なら、相手の場のフォロワー1体を選ぶ。それに4ダメージ。
"			https://shadowverse-evolve.com/cardlist/?cardno=BP09-012
BP09-013	バッタの指揮者	エルフ		ブースターパック第9弾「光影の二重奏」	フォロワー・エボルヴ	BR		4	4	精霊・虫族		"
【進化時】自分のデッキから元のコスト1以下のエルフスペル1枚を探し、手札に加える。
"			https://shadowverse-evolve.com/cardlist/?cardno=BP09-013
BP09-014	エルフジェネラル	エルフ		ブースターパック第9弾「光影の二重奏」	フォロワー	BR	5	4	5	エルフ族		"
【守護】

ファンファーレ『フェアリー』2体を出す。それは攻撃力+1/体力+1して、【守護】を持つ。

―――――――――――――――

『フェアリー』エルフ妖精・フォロワーコスト1攻撃力1/体力1
"			https://shadowverse-evolve.com/cardlist/?cardno=BP09-014
BP09-015	アーボリスト・ライラ	エルフ		ブースターパック第9弾「光影の二重奏」	フォロワー	BR	1	2	2	植物族		"
ファンファーレ手札1枚を捨てる：自分のリーダーは体力+1する。エルフスペルを捨てたなら、1枚引く。
"			https://shadowverse-evolve.com/cardlist/?cardno=BP09-015
BP09-016	すり替わり	エルフ		ブースターパック第9弾「光影の二重奏」	スペル	BR	2			人形		"
クイック

元のコスト3以下の相手の場のフォロワー1体を選ぶ。それを手札に戻す。『操り人形』1枚をEXエリアに置く。（手札に戻ったトークンはゲームから取り除く）

―――――――――――――――

『操り人形』ニュートラル人形・フォロワーコスト1攻撃力1/体力1【突進】
"			https://shadowverse-evolve.com/cardlist/?cardno=BP09-016
BP09-017	妖精花	エルフ		ブースターパック第9弾「光影の二重奏」	アミュレット	BR	2			妖精・植物族		"
ファンファーレ『フェアリーウィスプ』1枚をEXエリアに置く。

起動これをアクト墓場に置く：『フェアリー』1体を出す。

―――――――――――――――

『フェアリーウィスプ』エルフ妖精・フォロワーコスト0攻撃力1/体力1

『フェアリー』エルフ妖精・フォロワーコスト1攻撃力1/体力1
"			https://shadowverse-evolve.com/cardlist/?cardno=BP09-017
BP10-001	《吊るされた男》・ローフラッド	エルフ		ブースターパック第10弾「Gods of the Arcana」	フォロワー	LG	2	2	2	アルカナ・精霊		"
進化コスト1：これは進化する。

これは能力ダメージを受けない。これは能力によって破壊されない。（交戦ダメージでは破壊される）

ファンファーレコスト5：自分のデッキから『真偽の逆転』1枚を探し、EXエリアに置く。このターン、それをプレイする際、コストを-8する。
"			https://shadowverse-evolve.com/cardlist/?cardno=BP10-001
BP10-002	《吊るされた男》・ローフラッド	エルフ		ブースターパック第10弾「Gods of the Arcana」	フォロワー・エボルヴ	LG		3	3	アルカナ・精霊		"
これは能力ダメージを受けない。これは能力によって破壊されない。

【進化時】【コンボ_3】これは攻撃力+1/体力+1する。
"			https://shadowverse-evolve.com/cardlist/?cardno=BP10-002
BP10-003	遺物の番人・ルチル	エルフ		ブースターパック第10弾「Gods of the Arcana」	フォロワー	LG	6	4	4	超克		"
ファンファーレ『エンシェントアーティファクト』1枚と『ミスティックアーティファクト』1枚の中から、1枚を場に出す。1枚をEXエリアに置く。

起動これをアクトEXエリアのカードを元のコストがすべて異なるように5枚消滅：自分のエボルヴデッキの『神秘の遺物・スピネ＆ルチル』1枚を場に出してよい。
"			https://shadowverse-evolve.com/cardlist/?cardno=BP10-003
BP10-004	神秘の遺物・スピネ＆ルチル	エルフ		ブースターパック第10弾「Gods of the Arcana」	フォロワー・アドバンス	LG	10	6	6	超克		"
自分のエンドフェイズが来たとき、これをスタンドする。

相手の場にフォロワーが出たとき、これをアクト：場に出たフォロワー1体に6ダメージ。

ファンファーレ相手のリーダーすべてと相手の場のフォロワーすべてに6ダメージ。自分のデッキの上2枚を見る。その中から、2枚までEXエリアに置いてよい。残りを墓場に置く。
"			https://shadowverse-evolve.com/cardlist/?cardno=BP10-004
BP10-005	マドロスエルフ	エルフ		ブースターパック第10弾「Gods of the Arcana」	フォロワー	GR	2	1	1	アルカナ・エルフ族		"
進化コスト1：これは進化する。

自分の場に傭兵・フォロワーが出たとき、それは攻撃力+1/体力+1して、【突進】を持つ。
"			https://shadowverse-evolve.com/cardlist/?cardno=BP10-005
BP10-006	マドロスエルフ	エルフ		ブースターパック第10弾「Gods of the Arcana」	フォロワー・エボルヴ	GR		2	2	アルカナ・エルフ族		"
自分の場に傭兵・フォロワーが出たとき、それは攻撃力+1/体力+1して、【突進】を持つ。

【進化時】自分のデッキの上4枚を見る。その中から、元のコスト2以下のフォロワー1枚をEXエリアに置いてよい。残りを好きな順にデッキの下に置く。このターン、それをプレイする際、コストを-2する。
"			https://shadowverse-evolve.com/cardlist/?cardno=BP10-006
BP10-007	アネモネタイガー	エルフ		ブースターパック第10弾「Gods of the Arcana」	フォロワー	GR	2	2	3	植物族・獣		"
【守護】

ファンファーレ場の「これと同名を除く獣・フォロワー」1体を手札に戻す：自分のデッキから『サルビアパンサー』1枚を探し、手札に加える。（手札に戻ったトークンはゲームから取り除く）
"			https://shadowverse-evolve.com/cardlist/?cardno=BP10-007
BP10-008	真偽の逆転	エルフ		ブースターパック第10弾「Gods of the Arcana」	スペル	GR	8			アルカナ・精霊		"
場のカードすべてを破壊する。EXエリアのカードすべてを墓場に置く。自分の手札すべてを捨てる。自分のデッキの上5枚を見る。その中から、好きな枚数EXエリアに置いてよい。残りを墓場に置く。
"			https://shadowverse-evolve.com/cardlist/?cardno=BP10-008
BP10-009	サルビアパンサー	エルフ		ブースターパック第10弾「Gods of the Arcana」	フォロワー	SR	3	3	2	植物族・獣		"
これをプレイする際、このターン、自分の「これと同名を除く獣・フォロワー」が場から手札に戻っていたなら、コストを-2する。

進化コスト2：これは進化する。

【疾走】
"			https://shadowverse-evolve.com/cardlist/?cardno=BP10-009
BP10-010	サルビアパンサー	エルフ		ブースターパック第10弾「Gods of the Arcana」	フォロワー・エボルヴ	SR		4	3	植物族・獣		"
【疾走】

【進化時】元のコスト3以下の相手の場のフォロワー1体を選ぶ。それを手札に戻す。（手札に戻ったトークンはゲームから取り除く）
"			https://shadowverse-evolve.com/cardlist/?cardno=BP10-010
BP10-011	喝采の獣使い	エルフ		ブースターパック第10弾「Gods of the Arcana」	フォロワー	SR	4	3	3	アルカナ・エルフ族		"
ファンファーレ自分のデッキの上3枚を見る。その中から、1枚をEXエリアに置いてよい。残りを好きな順にデッキの下に置く。

起動これをアクト：相手の場のフォロワー1体を選ぶ。それに「自分のEXエリアにあるカードの元のコストの種類数」と同じダメージ。
"			https://shadowverse-evolve.com/cardlist/?cardno=BP10-011
BP10-012	クラッシュインセクト	エルフ		ブースターパック第10弾「Gods of the Arcana」	フォロワー	SR	1	2	1	虫族		"
【突進】

ファンファーレ【コンボ_3】自分のデッキから『クラッシュインセクト』1枚を探し、手札に加える。
"			https://shadowverse-evolve.com/cardlist/?cardno=BP10-012
BP10-013	深謀の獣人	エルフ		ブースターパック第10弾「Gods of the Arcana」	フォロワー	BR	4	4	4	アルカナ・獣		"
進化コスト1：これは進化する。

ファンファーレ自分のデッキからアルカナ・カード1枚を探し、EXエリアに置く。
"			https://shadowverse-evolve.com/cardlist/?cardno=BP10-013
BP10-014	深謀の獣人	エルフ		ブースターパック第10弾「Gods of the Arcana」	フォロワー・エボルヴ	BR		5	5	アルカナ・獣		"
【進化時】自分のデッキからアルカナ・カード1枚を探し、EXエリアに置く。
"			https://shadowverse-evolve.com/cardlist/?cardno=BP10-014
BP10-015	クロッカスラット	エルフ		ブースターパック第10弾「Gods of the Arcana」	フォロワー	BR	1	2	2	植物族・獣		"
これが場から手札に戻ったとき、自分のリーダーは体力+1する。

ファンファーレコスト5：相手の場のフォロワー1体を選ぶ。それのプレイヤーはそれをデッキの下に置く。自分は1枚引く。（デッキに置いたトークンはゲームから取り除く）
"			https://shadowverse-evolve.com/cardlist/?cardno=BP10-015
BP10-016	ブロッサムアーチャー	エルフ		ブースターパック第10弾「Gods of the Arcana」	フォロワー	BR	1	2	2	エルフ族・狩人・植物族		"
ファンファーレ相手の場のフォロワー1体を選ぶ。自分のEXエリアにあるカードの元のコストの種類数が3種類以上なら、それに3ダメージ。
"			https://shadowverse-evolve.com/cardlist/?cardno=BP10-016
BP10-017	森林の狼	エルフ		ブースターパック第10弾「Gods of the Arcana」	フォロワー	BR	7	4	4	獣		"
【疾走】

自分の場に他の獣・フォロワーが出たとき、これは攻撃力+2/体力+2する。

起動コスト1手札のこれをEXエリアに置く：自分の場のカード1枚を選ぶ。それをEXエリアに置く。
"			https://shadowverse-evolve.com/cardlist/?cardno=BP10-017
BP10-018	フェアリーアサルト	エルフ		ブースターパック第10弾「Gods of the Arcana」	スペル	BR	3			妖精		"
『フェアリー』2体を場に出す。相手のリーダーすべてに「自分の場の妖精・トークンの数」と同じダメージ。

―――――――――――――――

『フェアリー』エルフ妖精・フォロワーコスト1攻撃力1/体力1
"			https://shadowverse-evolve.com/cardlist/?cardno=BP10-018
BP10-LD01	第六の絶傑・エズディア	エルフ		ブースターパック第10弾「Gods of the Arcana」	リーダー	-				-					https://shadowverse-evolve.com/cardlist/?cardno=BP10-LD01
BP11-001	開拓のロデオガイ・ロキサス	エルフ		ブースターパック第11弾「宿命の弾丸」	フォロワー	LG	4	4	4	荒野・エルフ族・狩人		"
進化コスト1：これは進化する。

自分のターンごとに3回、自分がアミュレットをプレイしたとき、自分のPPを1回復する。

起動場のアミュレット3つをアクト：1枚引く。
"			https://shadowverse-evolve.com/cardlist/?cardno=BP11-001
BP11-002	開拓のロデオガイ・ロキサス	エルフ		ブースターパック第11弾「宿命の弾丸」	フォロワー・エボルヴ	LG		5	5	荒野・エルフ族・狩人		"
自分のターンごとに1回、自分の乗物・カードが場を離れたとき、『従順な駿馬』『機動二輪車』『魔導装甲車』1枚ずつEXエリアに置く。自分のリーダーは体力+2する。

起動場のアミュレット3つを消滅：下記から1つチョイスする。【1】相手の場のフォロワー1体を選ぶ。それを破壊する。【2】自分の場の他のフォロワー1体を選ぶ。それは攻撃力+3/体力+3する。
"			https://shadowverse-evolve.com/cardlist/?cardno=BP11-002
BP11-003	優美な猫姉妹・シャム＆シャマ	エルフ		ブースターパック第11弾「宿命の弾丸」	フォロワー	LG	1	1	1	狩人・獣		"
【疾走】

【攻撃時】【コンボ_3】これは攻撃力+1/体力+1する。

ファンファーレ相手の場のフォロワー1体を選ぶ。【コンボ_5】それに3ダメージ。
"			https://shadowverse-evolve.com/cardlist/?cardno=BP11-003
BP11-004	地を裂く異形	エルフ		ブースターパック第11弾「宿命の弾丸」	フォロワー	GR	6	0	4	精霊		"
進化コスト1：これは進化する。

起動コスト2手札のこれをEXエリアに置く：自分のデッキの上1枚をEXエリアに置く。

起動EXエリアの他のカード2枚を消滅：自分のEXエリアのこれは攻撃力+2する。1枚引く。この能力は1ターンに1回使える。
"			https://shadowverse-evolve.com/cardlist/?cardno=BP11-004
BP11-005	地を裂く異形	エルフ		ブースターパック第11弾「宿命の弾丸」	フォロワー・エボルヴ	GR		0	6	精霊		"
【疾走】

【進化時】相手の場のフォロワー1体を選ぶ。それに「これの攻撃力」と同じダメージ。
"			https://shadowverse-evolve.com/cardlist/?cardno=BP11-005
BP11-006	ギガントパスチャー	エルフ		ブースターパック第11弾「宿命の弾丸」	フォロワー	GR	6	5	6	荒野・植物族		"
ファンファーレ『機動二輪車』『魔導装甲車』1枚ずつEXエリアに置く。相手のリーダーすべてと相手の場のフォロワーすべてに「自分のEXエリアの乗物・カードの枚数」と同じダメージ。
"			https://shadowverse-evolve.com/cardlist/?cardno=BP11-006
BP11-007	妖精の開花	エルフ		ブースターパック第11弾「宿命の弾丸」	スペル	GR	2			妖精		"
これをプレイする際、追加コストとして場の妖精・トークン4体を墓場に置く。（追加コストを支払わなければプレイできない）

自分のデッキから『フェアリープリンセス・アリア』1枚を探し、場に出す。
"			https://shadowverse-evolve.com/cardlist/?cardno=BP11-007
BP11-008	ヴァーミンハンター	エルフ		ブースターパック第11弾「宿命の弾丸」	フォロワー	SR	3	3	3	荒野・狩人		"
進化コスト1：これは進化する。

自分のターン中、自分のEXエリアに乗物・カードが置かれたとき、相手の場のフォロワー1体を選ぶ。それに3ダメージ。
"			https://shadowverse-evolve.com/cardlist/?cardno=BP11-008
BP11-009	ヴァーミンハンター	エルフ		ブースターパック第11弾「宿命の弾丸」	フォロワー・エボルヴ	SR		4	4	荒野・狩人		"
自分のターン中、自分のEXエリアに乗物・カードが置かれたとき、相手の場のフォロワー1体を選ぶ。それに3ダメージ。

【進化時】『従順な駿馬』1枚をEXエリアに置く。

―――――――――――――――

『従順な駿馬』ニュートラル荒野・乗物・獣・アミュレットコスト1起動これを墓場に置く：自分の場のフォロワー1体を選ぶ。それが荒野・フォロワーなら、それは攻撃力+1/体力+1する。
"			https://shadowverse-evolve.com/cardlist/?cardno=BP11-009
BP11-010	ストリングマイスター	エルフ		ブースターパック第11弾「宿命の弾丸」	フォロワー	SR	1	1	1	人形		"
自分のターンごとに1回、自分の場に『操り人形』が出たとき、『操り人形』2枚をEXエリアに置く。

起動コスト4：これは攻撃力+2/体力+2する。『操り人形』1体を場に出す。

―――――――――――――――

『操り人形』ニュートラル人形・フォロワーコスト1攻撃力1/体力1【突進】
"			https://shadowverse-evolve.com/cardlist/?cardno=BP11-010
BP11-011	茨の侵食	エルフ		ブースターパック第11弾「宿命の弾丸」	スペル	SR	2			植物族		"
自分の場の妖精・トークンを好きな枚数選ぶ。このターン、それは「起動これをアクト：相手の場のフォロワー1体を選ぶ。それに3ダメージ。それのリーダーに1ダメージ」を持つ。
"			https://shadowverse-evolve.com/cardlist/?cardno=BP11-011
BP11-012	物見のエルフ	エルフ		ブースターパック第11弾「宿命の弾丸」	フォロワー	BR	3	3	3	エルフ族		"
進化コスト1：これは進化する。

ファンファーレ自分のデッキの上1枚を見る。それをデッキの下に置いてよい。『フェアリー』2枚をEXエリアに置く。

―――――――――――――――

『フェアリー』エルフ妖精・フォロワーコスト1攻撃力1/体力1
"			https://shadowverse-evolve.com/cardlist/?cardno=BP11-012
BP11-013	物見のエルフ	エルフ		ブースターパック第11弾「宿命の弾丸」	フォロワー・エボルヴ	BR		4	4	エルフ族		"
【進化時】『フェアリー』2体を場に出す。
"			https://shadowverse-evolve.com/cardlist/?cardno=BP11-013
BP11-014	サボテンカウボーイ	エルフ		ブースターパック第11弾「宿命の弾丸」	フォロワー	BR	1	1	1	荒野・植物族		"
ファンファーレ『従順な駿馬』1枚をEXエリアに置く。

ラストワード相手の場のフォロワー1体を選ぶ。自分の場や自分のEXエリアの乗物・カードが3枚以上なら、それに3ダメージ。

―――――――――――――――

『従順な駿馬』ニュートラル荒野・乗物・獣・アミュレットコスト1起動これを墓場に置く：自分の場のフォロワー1体を選ぶ。それが荒野・フォロワーなら、それは攻撃力+1/体力+1する。
"			https://shadowverse-evolve.com/cardlist/?cardno=BP11-014
BP11-015	大自然の守護者	エルフ		ブースターパック第11弾「宿命の弾丸」	フォロワー	BR	4	4	5	狩人・獣		"
【守護】

ファンファーレ自分のデッキから【守護】を持つフォロワー1枚を探し、手札に加える。

ファンファーレコスト5：自分の手札の【守護】を持つフォロワー1枚を場に出してよい。
"			https://shadowverse-evolve.com/cardlist/?cardno=BP11-015
BP11-016	蜂の襲来	エルフ		ブースターパック第11弾「宿命の弾丸」	スペル	BR	2			虫族		"
相手の場のフォロワー1体を選ぶ。それに3ダメージ。【コンボ_3】代わりに5ダメージ。
"			https://shadowverse-evolve.com/cardlist/?cardno=BP11-016
BP11-017	廃品の選別	エルフ		ブースターパック第11弾「宿命の弾丸」	スペル	BR	2			人形		"
自分の墓場の人形・カード1枚を選ぶ。それを手札に加える。『操り人形』1枚をEXエリアに置く。

―――――――――――――――

『操り人形』ニュートラル人形・フォロワーコスト1攻撃力1/体力1【突進】
"			https://shadowverse-evolve.com/cardlist/?cardno=BP11-017
BP12-001	アウェイキングガイア	エルフ		ブースターパック第12弾「黒鉄の侵略者」	フォロワー	LG	11	5	5	自然・植物族		"
これをプレイする際、自分の墓場の自然・カード5枚につき、コストを-5する。

ファンファーレ相手の場のフォロワー1体を選ぶ。それを破壊する。
"			https://shadowverse-evolve.com/cardlist/?cardno=BP12-001
BP12-002	森を彩る者・エルフクイーン	エルフ		ブースターパック第12弾「黒鉄の侵略者」	フォロワー	LG	2	1	2	エルフ族		"
進化コスト1：これは進化する。

ファンファーレ【コンボ_3】1枚引く。
"			https://shadowverse-evolve.com/cardlist/?cardno=BP12-002
BP12-003	森を彩る者・エルフクイーン	エルフ		ブースターパック第12弾「黒鉄の侵略者」	フォロワー・エボルヴ	LG		2	3	エルフ族		"
【進化時】相手の場のフォロワー2体まで選ぶ。それに2ダメージを割りふる。【コンボ_3】代わりに4ダメージ。
"			https://shadowverse-evolve.com/cardlist/?cardno=BP12-003
BP12-004	無窮の輝石・カーバンクル	エルフ		ブースターパック第12弾「黒鉄の侵略者」	フォロワー	GR	4	2	2	精霊・獣		"
進化コスト2：これは進化する。

ファンファーレ『カーバンクルの煌めき』1枚をEXエリアに置く。

―――――――――――――――

『カーバンクルの煌めき』エルフ精霊・獣・スペルコスト2下記から1つチョイスする。【1】場のフォロワー1体を選ぶ。それを手札に戻す。【2】自分のリーダーは体力+4する。【3】2枚引く。
"			https://shadowverse-evolve.com/cardlist/?cardno=BP12-004
BP12-005	無窮の輝石・カーバンクル	エルフ		ブースターパック第12弾「黒鉄の侵略者」	フォロワー・エボルヴ	GR		4	4	精霊・獣		"
【進化時】『カーバンクルの煌めき』1枚をEXエリアに置く。自分のEXエリアの『カーバンクルの煌めき』すべては「これをプレイする際、コストを-2する」を持つ。
"			https://shadowverse-evolve.com/cardlist/?cardno=BP12-005
BP12-006	豊穣の闘士・アイリーネ	エルフ		ブースターパック第12弾「黒鉄の侵略者」	フォロワー	GR	6	6	6	エルフ族		"
【突進】【指定攻撃】

自分のターン中、これはダメージを受けない。

【攻撃時】1枚引く。これをスタンドする。この能力は1ターンに1回働く。
"			https://shadowverse-evolve.com/cardlist/?cardno=BP12-006
BP12-007	重なり合う決意	エルフ		ブースターパック第12弾「黒鉄の侵略者」	スペル	GR	1			自然・エルフ族・獣		"
下記から1つチョイスする。【1】場の自然・カード1枚をEXエリアに置く：相手の場のフォロワー1体を選ぶ。それに3ダメージ。【2】『フェアリー』2体を場に出す。

―――――――――――――――

『フェアリー』エルフ妖精・フォロワーコスト1攻撃力1/体力1
"			https://shadowverse-evolve.com/cardlist/?cardno=BP12-007
BP12-008	森の戦士	エルフ		ブースターパック第12弾「黒鉄の侵略者」	フォロワー	SR	4	3	4	狩人・獣		"
進化コスト1：これは進化する。

自分の場の他の狩人・フォロワーが攻撃したとき、相手の場のフォロワー1体を選ぶ。それに3ダメージ。
"			https://shadowverse-evolve.com/cardlist/?cardno=BP12-008
BP12-009	森の戦士	エルフ		ブースターパック第12弾「黒鉄の侵略者」	フォロワー・エボルヴ	SR		4	5	狩人・獣		"
自分の場の他の狩人・フォロワーが攻撃したとき、相手の場のフォロワー1体を選ぶ。それに3ダメージ。

【進化時】自分のデッキの上4枚を見る。その中から、元のコスト3以下の狩人・フォロワー1枚を場に出してよい。残りを好きな順にデッキの下に置く。
"			https://shadowverse-evolve.com/cardlist/?cardno=BP12-009
BP12-010	追い風の妖精	エルフ		ブースターパック第12弾「黒鉄の侵略者」	フォロワー	SR	1	2	2	妖精		"
自分のターン中、自分がカードをプレイしたとき、このターン中に3枚目のカードなら、自分のリーダーは体力+1する。このターン中に5枚目のカードなら、1枚引く。
"			https://shadowverse-evolve.com/cardlist/?cardno=BP12-010
BP12-011	アリアの旋風	エルフ		ブースターパック第12弾「黒鉄の侵略者」	スペル	SR	4			妖精・プリンセス		"
これをプレイする際、自分のEXエリアに妖精・プリンセス・フォロワーがあるなら、コストを-1する。

自分の場の妖精・トークン1体を選ぶ。相手の場のフォロワーすべてに「それの攻撃力」と同じダメージ。
"			https://shadowverse-evolve.com/cardlist/?cardno=BP12-011
BP12-012	森の手斧使い	エルフ		ブースターパック第12弾「黒鉄の侵略者」	フォロワー	BR	3	3	3	エルフ族・狩人		"
進化コスト4：これは進化する。

【突進】

【攻撃時】相手の場のフォロワー1体を選ぶ。それに2ダメージ。
"			https://shadowverse-evolve.com/cardlist/?cardno=BP12-012
BP12-013	森の手斧使い	エルフ		ブースターパック第12弾「黒鉄の侵略者」	フォロワー・エボルヴ	BR		6	6	エルフ族・狩人		"
【攻撃時】相手の場のフォロワー1体を選ぶ。それを破壊する。それのリーダーに3ダメージ。
"			https://shadowverse-evolve.com/cardlist/?cardno=BP12-013
BP12-014	若葉の精霊	エルフ		ブースターパック第12弾「黒鉄の侵略者」	フォロワー	BR	1	1	2	自然・精霊		"
これが場を離れたとき、『ナテラの大樹』1枚をEXエリアに置く。

ファンファーレ『ナテラの大樹』1枚をEXエリアに置く。

―――――――――――――――

『ナテラの大樹』ニュートラル自然・アミュレットコスト1これが場を離れたとき、1枚引く。自分の手札1枚を捨てる。起動コスト1：これを墓場に置く。
"			https://shadowverse-evolve.com/cardlist/?cardno=BP12-014
BP12-015	スピアーエルフ	エルフ		ブースターパック第12弾「黒鉄の侵略者」	フォロワー	BR	2	2	3	エルフ族・狩人		"
【疾走】
"			https://shadowverse-evolve.com/cardlist/?cardno=BP12-015
BP12-016	妖精の参謀	エルフ		ブースターパック第12弾「黒鉄の侵略者」	フォロワー	BR	4	3	4	妖精		"
ファンファーレ相手の場のフォロワー1体を選ぶ。『フェアリー』2枚をEXエリアに置く。選んだフォロワーに「自分のEXエリアの妖精・トークンの枚数」と同じダメージ。

―――――――――――――――

『フェアリー』エルフ妖精・フォロワーコスト1攻撃力1/体力1
"			https://shadowverse-evolve.com/cardlist/?cardno=BP12-016
BP12-017	妖精の石碑	エルフ		ブースターパック第12弾「黒鉄の侵略者」	アミュレット	BR	1			妖精		"
ファンファーレ自分のデッキの上3枚を見る。その中から、妖精・カード1枚を公開して手札に加えてよい。残りを好きな順にデッキの下に置く。

起動これをアクト墓場に置く：自分のリーダーは体力+1する。この能力は自分のEXエリアの妖精・フォロワーが3枚以上なら使える。
"			https://shadowverse-evolve.com/cardlist/?cardno=BP12-017
BP12-P24	カーバンクルの煌めき	エルフ		ブースターパック第12弾「黒鉄の侵略者」	スペル・トークン	プレミアム	2			精霊・獣		"
下記から1つチョイスする。【1】場のフォロワー1体を選ぶ。それを手札に戻す。（手札に戻ったトークンはゲームから取り除く）【2】自分のリーダーは体力+4する。【3】2枚引く。
"			https://shadowverse-evolve.com/cardlist/?cardno=BP12-P24
BP13-001	宿命の狐火・セッカ	エルフ		ブースターパック第13弾「暗黒降誕」	フォロワー	LG	1	1	1	荒野・狩人・獣		"
ファンファーレ自分のデッキの上3枚を見る。その中から、元のコスト2以下のエルフカード1枚を公開して手札に加えてよい。残りを好きな順にデッキの下に置く。元のコスト2以下のエルフカードを公開したなら、自分の手札1枚を捨てる。

起動コスト3墓場のこれとカード2枚を消滅：自分のエボルヴデッキの『九火石炎・セッカ』1枚を場に出してよい。
"			https://shadowverse-evolve.com/cardlist/?cardno=BP13-001
BP13-002	九火石炎・セッカ	エルフ		ブースターパック第13弾「暗黒降誕」	フォロワー・アドバンス	LG	3	3	3	荒野・狩人・獣		"
ファンファーレ下記から1つチョイスする。【1】自分のデッキから『九尾の決意』1枚を探し、手札に加える。【2】自分の墓場の『九尾の決意』1枚を選ぶ。それを手札に加える。
"			https://shadowverse-evolve.com/cardlist/?cardno=BP13-002
BP13-003	瘴気の妖精姫・アリア	エルフ		ブースターパック第13弾「暗黒降誕」	フォロワー	LG	3	3	3	妖精・プリンセス・キラー		"
これはEXエリアからプレイできない。

進化コスト1：これは進化する。

これが場かEXエリアにある限り、自分の場の妖精・トークン・フォロワーすべては【突進】を持つ。

ファンファーレ『フェアリー』1枚をEXエリアに置く。

ラストワードこれをEXエリアに置いてよい。
"			https://shadowverse-evolve.com/cardlist/?cardno=BP13-003
BP13-004	瘴気の妖精姫・アリア	エルフ		ブースターパック第13弾「暗黒降誕」	フォロワー・エボルヴ	LG		4	4	妖精・プリンセス・キラー		"
これが場にいる限り、自分の場の妖精・トークン・フォロワーすべては【突進】を持つ。

【進化時】自分のデッキから元のコスト2以下の妖精・アミュレット1枚を探し、場に出す。

ラストワードこれをEXエリアに置いてよい。
"			https://shadowverse-evolve.com/cardlist/?cardno=BP13-004
BP13-005	オシャレハザード・ネルシャ	エルフ		ブースターパック第13弾「暗黒降誕」	フォロワー	GR	2	2	2	エルフ族・キラー		"
進化コスト1：これは進化する。

【攻撃時】相手の場のフォロワー1体を選ぶ。自分の墓場にあるエルフスペルのカード名の種類数が5種類以上なら、それは攻撃力-2/体力-2する。これは攻撃力+2/体力+2する。
"			https://shadowverse-evolve.com/cardlist/?cardno=BP13-005
BP13-006	オシャレハザード・ネルシャ	エルフ		ブースターパック第13弾「暗黒降誕」	フォロワー・エボルヴ	GR		3	3	エルフ族・キラー		"
【攻撃時】相手の場のフォロワー1体を選ぶ。自分の墓場にあるエルフスペルのカード名の種類数が5種類以上なら、それは攻撃力-2/体力-2する。これは攻撃力+2/体力+2する。

【進化時】自分のデッキの上5枚を見る。その中から、エルフスペル1枚を公開して手札に加えてよい。エルフスペル1枚を墓場に置いてよい。残りを好きな順にデッキの下に置く。
"			https://shadowverse-evolve.com/cardlist/?cardno=BP13-006
BP13-007	終末の番人・スピネ	エルフ		ブースターパック第13弾「暗黒降誕」	フォロワー	GR	5	3	3	超克・キラー		"
起動これをアクト墓場のカード3枚を消滅：『エッジアーティファクト』1体と『ミスティックアーティファクト』1体を場に出す。

―――――――――――――――

『エッジアーティファクト』ニュートラル超克・フォロワーコスト5攻撃力3/体力4【突進】【ドレイン】

『ミスティックアーティファクト』ニュートラル超克・フォロワーコスト3攻撃力2/体力3【守護】ファンファーレ1枚引く。
"			https://shadowverse-evolve.com/cardlist/?cardno=BP13-007
BP13-008	九尾の決意	エルフ		ブースターパック第13弾「暗黒降誕」	スペル	GR	1			荒野・狩人・獣		"
下記から2つまでチョイスする。【1】自分の場の『九火石炎・セッカ』1体を選ぶ。自分の消滅領域が9枚以上なら、それは攻撃力+2/体力+2して、【疾走】を持つ。【2】自分の場の「カード名に『セッカ』を含むフォロワー」1体と相手の場のフォロワー1体を選ぶ。前者は攻撃力+2/体力+2する。後者に「前者の攻撃力」と同じダメージ。
"			https://shadowverse-evolve.com/cardlist/?cardno=BP13-008
BP13-009	陽光のエルフ	エルフ		ブースターパック第13弾「暗黒降誕」	フォロワー	SR	3	3	3	エルフ族		"
進化コスト1：これは進化する。

ファンファーレ自分のEXエリアの妖精・トークン・フォロワーすべては攻撃力+1/体力+1する。
"			https://shadowverse-evolve.com/cardlist/?cardno=BP13-009
BP13-010	陽光のエルフ	エルフ		ブースターパック第13弾「暗黒降誕」	フォロワー・エボルヴ	SR		4	4	エルフ族		"
【進化時】自分のEXエリアの妖精・トークン・フォロワー2枚まで場に出す。
"			https://shadowverse-evolve.com/cardlist/?cardno=BP13-010
BP13-011	ワイルドリーダー	エルフ		ブースターパック第13弾「暗黒降誕」	フォロワー	SR	5	4	4	狩人・獣		"
ファンファーレ自分のデッキの上4枚を見る。その中から、獣・フォロワー1枚を公開して手札に加えてよい。残りを好きな順にデッキの下に置く。

起動これをアクト：自分の手札の元のコスト4以下の獣・フォロワー1枚を場に出してよい。
"			https://shadowverse-evolve.com/cardlist/?cardno=BP13-011
BP13-012	ワンダーツリー	エルフ		ブースターパック第13弾「暗黒降誕」	アミュレット	SR	2			妖精		"
ファンファーレ『フェアリー』1枚をEXエリアに置く。

起動これをアクト墓場に置く：2枚引く。この能力は自分のEXエリアの妖精・フォロワーが3枚以上なら使える。

―――――――――――――――

『フェアリー』エルフ妖精・フォロワーコスト1攻撃力1/体力1
"			https://shadowverse-evolve.com/cardlist/?cardno=BP13-012
BP13-013	フォレストフェアリー	エルフ		ブースターパック第13弾「暗黒降誕」	フォロワー	BR	2	2	2	妖精		"
進化コスト1：これは進化する。
"			https://shadowverse-evolve.com/cardlist/?cardno=BP13-013
BP13-014	フォレストフェアリー	エルフ		ブースターパック第13弾「暗黒降誕」	フォロワー・エボルヴ	BR		3	3	妖精		"
【進化時】『フェアリーウィスプ』1枚と『フェアリー』1枚をEXエリアに置く。自分のEXエリアの妖精・フォロワーが3枚以上なら、自分のリーダーは体力+2する。

―――――――――――――――

『フェアリーウィスプ』エルフ妖精・フォロワーコスト0攻撃力1/体力1

『フェアリー』エルフ妖精・フォロワーコスト1攻撃力1/体力1
"			https://shadowverse-evolve.com/cardlist/?cardno=BP13-014
BP13-015	ブレードエルフ	エルフ		ブースターパック第13弾「暗黒降誕」	フォロワー	BR	3	2	2	エルフ族		"
【疾走】

【攻撃時】デッキの上3枚を消滅：これは攻撃力+1/体力+1する。
"			https://shadowverse-evolve.com/cardlist/?cardno=BP13-015
BP13-016	ガザニアフォックス	エルフ		ブースターパック第13弾「暗黒降誕」	フォロワー	BR	2	2	2	精霊・植物族・獣		"
これをプレイする際、このターン、自分の「これと同名を除く獣・フォロワー」が場から手札に戻っていたなら、コストを-1する。

ファンファーレ相手の場のフォロワー1体を選ぶ。それに1ダメージ。自分の場に元のコスト5以上の獣・フォロワーがいるなら、代わりに4ダメージ。これは【オーラ】を持つ。
"			https://shadowverse-evolve.com/cardlist/?cardno=BP13-016
BP13-017	大木の巨人	エルフ		ブースターパック第13弾「暗黒降誕」	フォロワー	BR	6	5	6	精霊・植物族		"
【守護】

自分のエンドフェイズが来たとき、相手の場のフォロワー1体を選ぶ。それをアクトする。それは次のそれのプレイヤーのスタートフェイズにスタンドしない。
"			https://shadowverse-evolve.com/cardlist/?cardno=BP13-017
BP13-018	妖精の弓使い	エルフ		ブースターパック第13弾「暗黒降誕」	フォロワー	BR	2	2	1	妖精・狩人		"
ファンファーレ『フェアリー』1体を場に出す。自分のデッキの上3枚を見る。その中から、妖精・カード1枚を公開して手札に加えてよい。残りを好きな順にデッキの下に置く。

―――――――――――――――

『フェアリー』エルフ妖精・フォロワーコスト1攻撃力1/体力1
"			https://shadowverse-evolve.com/cardlist/?cardno=BP13-018
BP14-001	化かし女将・ホズミ	エルフ		ブースターパック第14弾「夢幻の饗󠄀宴」	フォロワー	LG	3	2	2	宴楽・獣		"
進化コスト1：これは進化する。

ファンファーレこのターン、次に自分が宴楽・カードをプレイする際、コストを-2する。
"			https://shadowverse-evolve.com/cardlist/?cardno=BP14-001
BP14-002	化かし女将・ホズミ	エルフ		ブースターパック第14弾「夢幻の饗󠄀宴」	フォロワー・エボルヴ	LG		3	3	宴楽・獣		"
起動コスト2場の他の宴楽・カード1枚を消滅：自分のデッキから元のコスト7以下のフォロワー1枚を探し、場に出す。この能力は「このターン中に自分がプレイしたカードの枚数」が3枚以上なら、1ターンに1回使える。
"			https://shadowverse-evolve.com/cardlist/?cardno=BP14-002
BP14-003	天香の剣士・ルヴァン	エルフ		ブースターパック第14弾「夢幻の饗󠄀宴」	フォロワー	LG	5	4	4	狩人		"
起動これをアクト：相手の場のフォロワー1体を選ぶ。それに4ダメージ。1枚引く。自分の墓場の狩人・カードが3枚以上なら、自分の手札の元のコスト3以下の狩人・フォロワー1枚を場に出してよい。
"			https://shadowverse-evolve.com/cardlist/?cardno=BP14-003
BP14-004	四季の化身	エルフ		ブースターパック第14弾「夢幻の饗󠄀宴」	フォロワー	GR	4	2	4	精霊・植物族		"
進化コスト1：これは進化する。

これの四季カウンターが3個以下である限り、これは相手を攻撃できない。

自分のエンドフェイズが来たとき、場のフォロワー1体を選ぶ。それは攻撃力+X/体力+XするかそれにXダメージ。Xは「これの攻撃力」である。これに四季カウンター1個を置く。
"			https://shadowverse-evolve.com/cardlist/?cardno=BP14-004
BP14-005	四季の化身	エルフ		ブースターパック第14弾「夢幻の饗󠄀宴」	フォロワー・エボルヴ	GR		3	5	精霊・植物族		"
これの四季カウンターが3個以下である限り、これは相手を攻撃できない。

自分のエンドフェイズが来たとき、場のフォロワー1体を選ぶ。それは攻撃力+X/体力+XするかそれにXダメージ。Xは「これの攻撃力」である。これに四季カウンター1個を置く。

【進化時】相手の場のフォロワー1体を選ぶ。それに4ダメージ。
"			https://shadowverse-evolve.com/cardlist/?cardno=BP14-005
BP14-006	清泉のスピリット	エルフ		ブースターパック第14弾「夢幻の饗󠄀宴」	フォロワー	GR	2	2	3	精霊		"
自分のエンドフェイズが来たとき、手札1枚を捨てる：自分のデッキの上1枚をEXエリアに置く。

起動EXエリアのカード1枚を手札に戻す：自分の手札1枚をEXエリアに置く。この能力は1ターンに1回使える。
"			https://shadowverse-evolve.com/cardlist/?cardno=BP14-006
BP14-007	夢のもてなし	エルフ		ブースターパック第14弾「夢幻の饗󠄀宴」	スペル	GR	2			宴楽・獣		"
これをEXエリアからプレイする際、コストを-1する。

これをプレイする際、自分の場に『化かし女将・ホズミ』がいるなら、コストを-1する。

相手の場のフォロワー1体を選ぶ。それを手札に戻す。自分のリーダーは体力+1する。（手札に戻ったトークンはゲームから取り除く）
"			https://shadowverse-evolve.com/cardlist/?cardno=BP14-007
BP14-008	仲居のエルフ	エルフ		ブースターパック第14弾「夢幻の饗󠄀宴」	フォロワー	SR	2	2	2	宴楽・エルフ族		"
進化コスト1：これは進化する。

ファンファーレ手札1枚をデッキの下に置く：自分のリーダーは体力+2する。
"			https://shadowverse-evolve.com/cardlist/?cardno=BP14-008
BP14-009	仲居のエルフ	エルフ		ブースターパック第14弾「夢幻の饗󠄀宴」	フォロワー・エボルヴ	SR		3	3	宴楽・エルフ族		"
【進化時】自分のデッキの上4枚を見る。その中から、宴楽・カード1枚をEXエリアに置いてよい。残りを好きな順にデッキの下に置く。
"			https://shadowverse-evolve.com/cardlist/?cardno=BP14-009
BP14-010	ねじまき売り子	エルフ		ブースターパック第14弾「夢幻の饗󠄀宴」	フォロワー	SR	1	2	1	宴楽・人形・超克		"
ファンファーレ『操り人形』1枚をEXエリアに置く。自分のEXエリアのカードが3枚以上なら、自分のリーダーは体力+1する。

―――――――――――――――

『操り人形』ニュートラル人形・フォロワーコスト1攻撃力1/体力1【突進】
"			https://shadowverse-evolve.com/cardlist/?cardno=BP14-010
BP14-011	職人の一念	エルフ		ブースターパック第14弾「夢幻の饗󠄀宴」	スペル	SR	1			人形		"
これをプレイする際、追加コストとしてEXエリアのカード1枚を消滅する。（追加コストを支払わなければプレイできない）

『操り人形』3枚をEXエリアに置く。

―――――――――――――――

『操り人形』ニュートラル人形・フォロワーコスト1攻撃力1/体力1【突進】
"			https://shadowverse-evolve.com/cardlist/?cardno=BP14-011
BP14-012	絡繰り給仕	エルフ		ブースターパック第14弾「夢幻の饗󠄀宴」	フォロワー	BR	2	2	2	宴楽・人形・超克		"
進化コスト1：これは進化する。

ファンファーレ『操り人形』1枚をEXエリアに置く。

―――――――――――――――

『操り人形』ニュートラル人形・フォロワーコスト1攻撃力1/体力1【突進】
"			https://shadowverse-evolve.com/cardlist/?cardno=BP14-012
BP14-013	絡繰り給仕	エルフ		ブースターパック第14弾「夢幻の饗󠄀宴」	フォロワー・エボルヴ	BR		3	3	宴楽・人形・超克		"
【進化時】相手の場のフォロワー1体を選ぶ。それに2ダメージ。自分のEXエリアのカードが3枚以上なら、代わりに3ダメージ。
"			https://shadowverse-evolve.com/cardlist/?cardno=BP14-013
BP14-014	提灯のフェアリー	エルフ		ブースターパック第14弾「夢幻の饗󠄀宴」	フォロワー	BR	2	2	2	宴楽・妖精		"
ファンファーレコスト1：相手のEXエリアのカード1枚を選ぶ。自分のEXエリアのカードが3枚以上なら、それは『フェアリー』に変身する。

―――――――――――――――

『フェアリー』エルフ妖精・フォロワーコスト1攻撃力1/体力1
"			https://shadowverse-evolve.com/cardlist/?cardno=BP14-014
BP14-015	森の遊撃者	エルフ		ブースターパック第14弾「夢幻の饗󠄀宴」	フォロワー	BR	2	2	1	狩人・獣		"
【突進】

ファンファーレ自分の墓場の狩人・カードが3枚以上なら、これは攻撃力+2して、【指定攻撃】を持つ。
"			https://shadowverse-evolve.com/cardlist/?cardno=BP14-015
BP14-016	ウィンドランサー	エルフ		ブースターパック第14弾「夢幻の饗󠄀宴」	フォロワー	BR	4	4	4	エルフ族・狩人		"
【指定攻撃】

【攻撃時】相手のリーダーすべてに3ダメージ。これは攻撃力+1/体力+1する。
"			https://shadowverse-evolve.com/cardlist/?cardno=BP14-016
BP14-017	エルフの技工	エルフ		ブースターパック第14弾「夢幻の饗󠄀宴」	スペル	BR	2			エルフ族・狩人		"
クイック

相手の場のフォロワー1体を選ぶ。それに3ダメージ。1枚引く。自分の手札1枚を捨てる。
"			https://shadowverse-evolve.com/cardlist/?cardno=BP14-017
BP15-001	絶命の不殺・エズディア	エルフ		ブースターパック「絶傑の試練」	フォロワー	LG	3	3	4	絶傑・狩人		"
ファンファーレ墓場の『不殺の絶傑・エズディア』1枚を消滅：相手の場のフォロワー1体を選ぶ。それの体力を1にする。

起動これをアクト：相手の場のフォロワー1体を選ぶ。それに1ダメージ。このターン、それが場から墓場に置かれたとき、『絶命の痛撃』1枚をEXエリアに置く。
"			https://shadowverse-evolve.com/cardlist/?cardno=BP15-001
BP15-002	リバースブレイダー・アマツ	エルフ		ブースターパック「絶傑の試練」	フォロワー	LG	2	2	2	エルフ族・精霊		"
進化コスト1：これは進化する。

【守護】
"			https://shadowverse-evolve.com/cardlist/?cardno=BP15-002
BP15-003	リバースブレイダー・アマツ	エルフ		ブースターパック「絶傑の試練」	フォロワー・エボルヴ	LG		3	3	エルフ族・精霊		"
【守護】

【進化時】相手の場のフォロワー1体を選ぶ。自分のEXエリアのカードが3枚以上なら、それを破壊する。自分のEXエリアの妖精・カードが3枚以上なら、それのリーダーに2ダメージ。
"			https://shadowverse-evolve.com/cardlist/?cardno=BP15-003
BP15-004	凍土の女王・ピアシィ	エルフ		ブースターパック「絶傑の試練」	フォロワー	LG	4	3	3	エルフ族		"
進化コスト1：これは進化する。

自分の場のフォロワーが進化したとき、相手のリーダーすべてに1ダメージ。相手の場のフォロワーすべてに2ダメージ。自分のリーダーは体力+1する。

ファンファーレ自分のエボルヴデッキの表向きのエボルヴフォロワーが3枚以上なら、これは進化する。
"			https://shadowverse-evolve.com/cardlist/?cardno=BP15-004
BP15-005	凍土の女王・ピアシィ	エルフ		ブースターパック「絶傑の試練」	フォロワー・エボルヴ	LG		4	4	エルフ族		"
自分の場のフォロワーが進化したとき、相手のリーダーすべてに1ダメージ。相手の場のフォロワーすべてに2ダメージ。自分のリーダーは体力+1する。

【進化時】自分のデッキから元のコスト2以下のフォロワー1枚を探し、手札に加える。
"			https://shadowverse-evolve.com/cardlist/?cardno=BP15-005
BP15-006	不吉の人形師	エルフ		ブースターパック「絶傑の試練」	フォロワー	GR	2	1	2	人形		"
進化コスト1：これは進化する。

自分のターン中、自分のトークン・フォロワーが場から墓場に置かれたとき、相手の場のフォロワー1体を選ぶ。それは攻撃力-1/体力-1する。

ファンファーレ『操り人形』1枚をEXエリアに置く。

―――――――――――――――

『操り人形』ニュートラル人形・フォロワーコスト1攻撃力1/体力1【突進】
"			https://shadowverse-evolve.com/cardlist/?cardno=BP15-006
BP15-007	不吉の人形師	エルフ		ブースターパック「絶傑の試練」	フォロワー・エボルヴ	GR		2	3	人形		"
自分のターン中、自分のトークン・フォロワーが場から墓場に置かれたとき、相手の場のフォロワー1体を選ぶ。それは攻撃力-1/体力-1する。

【進化時】『操り人形』1体を場に出す。『操り人形』1枚をEXエリアに置く。
"			https://shadowverse-evolve.com/cardlist/?cardno=BP15-007
BP15-008	腐食の絶命	エルフ		ブースターパック「絶傑の試練」	スペル	GR	1			絶傑・狩人		"
クイック

これをプレイする際、自分の場に「カード名に『エズディア』を含むフォロワー」がいるなら、コストを-1する。

相手の場のフォロワー1体を選ぶ。それに1ダメージ。このターン、それが場から墓場に置かれたとき、1枚引く。
"			https://shadowverse-evolve.com/cardlist/?cardno=BP15-008
BP15-009	輪廻する回生	エルフ		ブースターパック「絶傑の試練」	スペル	GR	2			エルフ族・精霊		"
自分の墓場の「カード名に『アマツ』を含むフォロワー」1枚を選ぶ。それを場に出す。
"			https://shadowverse-evolve.com/cardlist/?cardno=BP15-009
BP15-010	幻獣の遣い	エルフ		ブースターパック「絶傑の試練」	フォロワー	SR	4	4	1	狩人・獣		"
進化コスト1：これは進化する。
"			https://shadowverse-evolve.com/cardlist/?cardno=BP15-010
BP15-011	幻獣の遣い	エルフ		ブースターパック「絶傑の試練」	フォロワー・エボルヴ	SR		4	1	狩人・獣		"
【進化時】相手の場のフォロワー1体を選ぶ。それに4ダメージ。これを手札に戻す。自分のPPを3回復する。
"			https://shadowverse-evolve.com/cardlist/?cardno=BP15-011
BP15-012	絶命の崇拝者	エルフ		ブースターパック「絶傑の試練」	フォロワー	SR	2	2	3	絶傑・狩人		"
ファンファーレ相手の場のフォロワー1体を選ぶ。自分の墓場の狩人・カードが3枚以上なら、それに2ダメージ。このターン、それが場から墓場に置かれたとき、自分のリーダーは体力+2する。
"			https://shadowverse-evolve.com/cardlist/?cardno=BP15-012
BP15-013	ヒーリングフェアリー	エルフ		ブースターパック「絶傑の試練」	フォロワー	SR	2	2	3	妖精		"
ファンファーレ場のトークン・フォロワー1体をEXエリアに置く：自分のリーダーは体力+2する。
"			https://shadowverse-evolve.com/cardlist/?cardno=BP15-013
BP15-014	不殺の隠者	エルフ		ブースターパック「絶傑の試練」	フォロワー	BR	2	2	2	絶傑・狩人		"
進化コスト1：これは進化する。

ファンファーレ相手の場のフォロワー1体を選ぶ。自分の墓場の狩人・カードが3枚以上なら、それの体力を1にする。
"			https://shadowverse-evolve.com/cardlist/?cardno=BP15-014
BP15-015	不殺の隠者	エルフ		ブースターパック「絶傑の試練」	フォロワー・エボルヴ	BR		3	3	絶傑・狩人		"
【進化時】自分のデッキから「カード名に『エズディア』を含むフォロワー」1枚を探し、手札に加える。
"			https://shadowverse-evolve.com/cardlist/?cardno=BP15-015
BP15-016	ホーンビースト	エルフ		ブースターパック「絶傑の試練」	フォロワー	BR	2	3	2	精霊・獣		"
【守護】

ラストワード自分の墓場の元のコスト1以下のスペル1枚を選ぶ。それを手札に加える。
"			https://shadowverse-evolve.com/cardlist/?cardno=BP15-016
BP15-017	花束の妖精	エルフ		ブースターパック「絶傑の試練」	フォロワー	BR	3	2	2	妖精		"
ファンファーレ『フェアリーウィスプ』1枚をEXエリアに置く。

起動これをアクトEXエリアのカード1枚を消滅：相手の場のフォロワー1体を選ぶ。それを手札に戻す。（手札に戻ったトークンはゲームから取り除く）

―――――――――――――――

『フェアリーウィスプ』エルフ妖精・フォロワーコスト0攻撃力1/体力1
"			https://shadowverse-evolve.com/cardlist/?cardno=BP15-017
BP15-018	翠玉の野狐	エルフ		ブースターパック「絶傑の試練」	フォロワー	BR	4	5	5	精霊・獣		"
ファンファーレ1枚引く。
"			https://shadowverse-evolve.com/cardlist/?cardno=BP15-018
BP15-019	ウィンドフェアリー	エルフ		ブースターパック「絶傑の試練」	フォロワー	BR	6	4	4	妖精		"
【疾走】

ファンファーレ『フェアリーウィスプ』2枚をEXエリアに置く。

起動コスト1手札のこれを捨てる：自分の場のカード1枚を選ぶ。それを手札に戻す。『フェアリーウィスプ』1枚をEXエリアに置く。（手札に戻ったトークンはゲームから取り除く）

―――――――――――――――

『フェアリーウィスプ』エルフ妖精・フォロワーコスト0攻撃力1/体力1
"			https://shadowverse-evolve.com/cardlist/?cardno=BP15-019
BP15-PR01	吊られたイカサマ・ローフラッド	エルフ		ブースターパック「絶傑の試練」	リーダー	-				-					https://shadowverse-evolve.com/cardlist/?cardno=BP15-PR01
BP15-PR09	絶命の痛撃	エルフ		ブースターパック「絶傑の試練」	スペル・トークン	プレミアム	3			絶傑・狩人		"
自分の墓場の狩人・カードが6枚以上なら、相手のリーダーすべてに6ダメージ。
"			https://shadowverse-evolve.com/cardlist/?cardno=BP15-PR09
BP16-001	自然の妖精姫・アリア	エルフ		ブースターパック「新たなる創世」	フォロワー	LG	1	1	1	妖精・プリンセス		"
進化コスト1：これは進化する。

ファンファーレ『フェアリー』2枚をEXエリアに置く。

―――――――――――――――

『フェアリー』エルフ妖精・フォロワーコスト1攻撃力1/体力1
"			https://shadowverse-evolve.com/cardlist/?cardno=BP16-001
BP16-002	自然の妖精姫・アリア	エルフ		ブースターパック「新たなる創世」	フォロワー・エボルヴ	LG		1	1	妖精・プリンセス		"
【進化時】『フェアリー』1体を場に出す。

【超進化時】自分の場と自分のEXエリアの妖精・トークン・フォロワーすべては攻撃力+1/体力+1する。
"			https://shadowverse-evolve.com/cardlist/?cardno=BP16-002
BP16-003	プロシードハート・オーキス	エルフ		ブースターパック「新たなる創世」	フォロワー	LG	2	1	2	人形		"
ファンファーレEXエリアの『操り人形』2枚を消滅：『ロイド』1枚をEXエリアに置く。

起動これをアクト：自分の場の『操り人形』1体を選ぶ。それは攻撃力+1/体力+1して、【疾走】【必殺】を持つ。この能力は自分の墓場の人形・カードが3枚以上なら使える。

―――――――――――――――

『ロイド』エルフ人形・フォロワーコスト0攻撃力2/体力4これは場にいる限り、『操り人形』でもある。【守護】ファンファーレ自分のリーダーは体力+2する。
"			https://shadowverse-evolve.com/cardlist/?cardno=BP16-003
BP16-004	獣の大女将・ナズリ	エルフ		ブースターパック「新たなる創世」	フォロワー	LG	3	2	2	宴楽・獣		"
ファンファーレ自分の場や自分のEXエリアの宴楽・カードが3枚以上なら、自分のデッキから「これと同名を除く元のコスト3以下の宴楽・フォロワー」1枚を探し、場に出す。
"			https://shadowverse-evolve.com/cardlist/?cardno=BP16-004
BP16-005	薫交の天宮・バックウッド	エルフ		ブースターパック「新たなる創世」	フォロワー	GR	3	3	3	エルフ族・狩人		"
進化コスト1：これは進化する。
"			https://shadowverse-evolve.com/cardlist/?cardno=BP16-005
BP16-006	薫交の天宮・バックウッド	エルフ		ブースターパック「新たなる創世」	フォロワー・エボルヴ	GR		4	4	エルフ族・狩人		"
【進化時】1枚引く。『フェアリー』2体を場に出す。

【超進化時】相手の場のフォロワーを好きな枚数選ぶ。それにXダメージを割りふる。Xは「自分の場と自分の手札のカードの枚数の合計」である。

―――――――――――――――

『フェアリー』エルフ妖精・フォロワーコスト1攻撃力1/体力1
"			https://shadowverse-evolve.com/cardlist/?cardno=BP16-006
BP16-007	ピュアクリスタリア・リリィ	エルフ		ブースターパック「新たなる創世」	フォロワー	GR	1	1	1	クリスタリア		"
ファンファーレ相手の場のフォロワー1体を選ぶ。それの攻撃力と体力を1にする。
"			https://shadowverse-evolve.com/cardlist/?cardno=BP16-007
BP16-008	狂気の創造者・リーアム	エルフ		ブースターパック「新たなる創世」	フォロワー	GR	4	3	3	人形・キラー		"
ファンファーレ『操り人形』2体を場に出す。

起動これをアクト：自分のデッキの上5枚を見る。その中から、元のコスト3以下の人形・カード1枚をEXエリアに置いてよい。残りを好きな順にデッキの下に置く。このターン、それをプレイする際、コストを-3する。

―――――――――――――――

『操り人形』ニュートラル人形・フォロワーコスト1攻撃力1/体力1【突進】
"			https://shadowverse-evolve.com/cardlist/?cardno=BP16-008
BP16-009	フロストクリスタリア・エリン	エルフ		ブースターパック「新たなる創世」	フォロワー	SR	3	3	3	クリスタリア		"
進化コスト1：これは進化する。

【守護】

ファンファーレ相手の場のフォロワー1体を選ぶ。次のそれのプレイヤーのターン中、それは相手を攻撃できない。
"			https://shadowverse-evolve.com/cardlist/?cardno=BP16-009
BP16-010	フロストクリスタリア・エリン	エルフ		ブースターパック「新たなる創世」	フォロワー・エボルヴ	SR		4	4	クリスタリア		"
【守護】

【進化時】自分のデッキから元のコスト2以下のクリスタリア・フォロワー1枚を探し、EXエリアに置く。このターン、それをプレイする際、コストを-2する。
"			https://shadowverse-evolve.com/cardlist/?cardno=BP16-010
BP16-011	煌撃の戦士・ベイル	エルフ		ブースターパック「新たなる創世」	フォロワー	SR	3	4	4	狩人・獣		"
これはこのターン、自分のフォロワーが場を離れていないなら、プレイできない。

ファンファーレ相手の場のフォロワー1体を選ぶ。それに4ダメージ。
"			https://shadowverse-evolve.com/cardlist/?cardno=BP16-011
BP16-012	聖樹の杖	エルフ		ブースターパック「新たなる創世」	アミュレット	SR	1			エルフ族		"
これが場を離れたとき、自分のリーダーは体力+1する。自分のPPを1回復する。
"			https://shadowverse-evolve.com/cardlist/?cardno=BP16-012
BP16-013	フェアリーテイマー	エルフ		ブースターパック「新たなる創世」	フォロワー	BR	2	1	1	妖精・エルフ族		"
進化コスト1：これは進化する。

ファンファーレ『フェアリー』1体を場に出す。

―――――――――――――――

『フェアリー』エルフ妖精・フォロワーコスト1攻撃力1/体力1
"			https://shadowverse-evolve.com/cardlist/?cardno=BP16-013
BP16-014	フェアリーテイマー	エルフ		ブースターパック「新たなる創世」	フォロワー・エボルヴ	BR		2	2	妖精・エルフ族		"
【進化時】自分の場の他の妖精・フォロワーや自分のEXエリアの妖精・フォロワー2枚まで選ぶ。それは攻撃力+1/体力+1する。
"			https://shadowverse-evolve.com/cardlist/?cardno=BP16-014
BP16-015	純粋なるウォーターフェアリー	エルフ		ブースターパック「新たなる創世」	フォロワー	BR	1	2	1	妖精		"
ファンファーレラストワード『フェアリー』1枚をEXエリアに置く。

―――――――――――――――

『フェアリー』エルフ妖精・フォロワーコスト1攻撃力1/体力1
"			https://shadowverse-evolve.com/cardlist/?cardno=BP16-015
BP16-016	舞い踊る妖精	エルフ		ブースターパック「新たなる創世」	フォロワー	BR	3	2	2	妖精		"
ファンファーレ自分の場の他のエルフフォロワーすべては攻撃力+1/体力+1する。
"			https://shadowverse-evolve.com/cardlist/?cardno=BP16-016
BP16-017	ベビーカーバンクル	エルフ		ブースターパック「新たなる創世」	フォロワー	BR	1	0	1	精霊・獣		"
ファンファーレ場の「これと同名を除く獣・カード」1枚を手札に戻す：1枚引く。（手札に戻ったトークンはゲームから取り除く）
"			https://shadowverse-evolve.com/cardlist/?cardno=BP16-017
BP16-018	薫交の思慕	エルフ		ブースターパック「新たなる創世」	スペル	BR	1			エルフ族・狩人		"
下記から1つチョイスする。このターン、自分の場のフォロワーが進化していたなら、代わりに2つまで。

【1】自分のリーダーは体力+2する。【2】1枚引く。
"			https://shadowverse-evolve.com/cardlist/?cardno=BP16-018
CP01-001	サイレンススズカ	エルフ	ウマ娘 プリティーダービー	コラボパック「ウマ娘 プリティーダービー」	フォロワー	LG	4	4	1	ウマ娘		"
進化コスト2：これは進化する。

食事コスト1：これは出走する。

【疾走】
"			https://shadowverse-evolve.com/cardlist/?cardno=CP01-001
CP01-002	サイレンススズカ	エルフ	ウマ娘 プリティーダービー	コラボパック「ウマ娘 プリティーダービー」	フォロワー・エボルヴ	LG		5	2	ウマ娘		"
【疾走】

【進化時】相手のフォロワー1体を選ぶ。それをデッキの上に置く。（デッキに置いたトークンはゲームから取り除く）
"			https://shadowverse-evolve.com/cardlist/?cardno=CP01-002
CP01-003	スマートファルコン	エルフ	ウマ娘 プリティーダービー	コラボパック「ウマ娘 プリティーダービー」	フォロワー	LG	5	5	5	ウマ娘		"
食事コスト1：これは出走する。

ファンファーレ場の他のウマ娘・カードを好きな枚数手札に戻す：相手のフォロワーすべてに「戻した枚数」の2倍のダメージ。（手札に戻ったトークンはゲームから取り除く）
"			https://shadowverse-evolve.com/cardlist/?cardno=CP01-003
CP01-004	ゴールドシチー	エルフ	ウマ娘 プリティーダービー	コラボパック「ウマ娘 プリティーダービー」	フォロワー	GR	4	3	3	ウマ娘		"
食事コスト1：これは出走する。

お互いの場のカードが8枚以上ある限り、これは【疾走】を持つ。

ファンファーレ自分のPPを3回復する。
"			https://shadowverse-evolve.com/cardlist/?cardno=CP01-004
CP01-005	はやい！うまい！はやい！	エルフ	ウマ娘 プリティーダービー	コラボパック「ウマ娘 プリティーダービー」	スペル	GR	2			ウマ娘		"
下記から1つチョイスする。【1】自分のデッキから【疾走】を持つフォロワー1枚を探し、手札に加える。【2】【疾走】を持つ自分のフォロワー1体を選ぶ。それは攻撃力+3する。
"			https://shadowverse-evolve.com/cardlist/?cardno=CP01-005
CP01-006	シンコウウインディ	エルフ	ウマ娘 プリティーダービー	コラボパック「ウマ娘 プリティーダービー」	フォロワー	SR	1	2	1	ウマ娘		"
食事コスト1：これは出走する。

ファンファーレ自分のデッキの上1枚を見る。それをデッキの下に置いてよい。
"			https://shadowverse-evolve.com/cardlist/?cardno=CP01-006
CP01-007	エイシンフラッシュ	エルフ	ウマ娘 プリティーダービー	コラボパック「ウマ娘 プリティーダービー」	フォロワー	SR	3	3	3	ウマ娘		"
食事コスト1：これは出走する。

【出走時】これは攻撃力+1/体力+1する。相手のフォロワー1体まで選ぶ。それを手札に戻す。（手札に戻ったトークンはゲームから取り除く）
"			https://shadowverse-evolve.com/cardlist/?cardno=CP01-007
CP01-008	鍛えぬくトモ	エルフ	ウマ娘 プリティーダービー	コラボパック「ウマ娘 プリティーダービー」	アミュレット	SR	2			ウマ娘		"
これが場を離れたとき、自分のウマ娘・フォロワー1体を選ぶ。それは攻撃力+1/体力+1する。

ファンファーレ1枚引く。
"			https://shadowverse-evolve.com/cardlist/?cardno=CP01-008
CP01-009	マーベラスサンデー	エルフ	ウマ娘 プリティーダービー	コラボパック「ウマ娘 プリティーダービー」	フォロワー	BR	2	2	3	ウマ娘		"
食事コスト1：これは出走する。

ファンファーレ場の他のカード1枚を手札に戻す：自分のリーダーは体力+2する。（手札に戻ったトークンはゲームから取り除く）
"			https://shadowverse-evolve.com/cardlist/?cardno=CP01-009
CP01-010	ユキノビジン	エルフ	ウマ娘 プリティーダービー	コラボパック「ウマ娘 プリティーダービー」	フォロワー	BR	3	3	3	ウマ娘		"
食事コスト1：これは出走する。

【守護】

ファンファーレ場の他のカード1枚を手札に戻す：これは攻撃力+1/体力+1する。（手札に戻ったトークンはゲームから取り除く）
"			https://shadowverse-evolve.com/cardlist/?cardno=CP01-010
CP01-011	アイネスフウジン	エルフ	ウマ娘 プリティーダービー	コラボパック「ウマ娘 プリティーダービー」	フォロワー	BR	6	7	7	ウマ娘		"
食事コスト1：これは出走する。

【突進】【指定攻撃】

ファンファーレ自分の他のカード1枚を選ぶ。それを手札に戻す。（手札に戻ったトークンはゲームから取り除く）
"			https://shadowverse-evolve.com/cardlist/?cardno=CP01-011
CP01-012	タイキシャトル	エルフ	ウマ娘 プリティーダービー	コラボパック「ウマ娘 プリティーダービー」	フォロワー	BR	2	2	3	ウマ娘		"
食事コスト1：これは出走する。

これが場から手札に戻ったとき、相手のフォロワー1体を選ぶ。それに2ダメージ。
"			https://shadowverse-evolve.com/cardlist/?cardno=CP01-012
CP01-013	ハルウララ	エルフ	ウマ娘 プリティーダービー	コラボパック「ウマ娘 プリティーダービー」	フォロワー	BR	2	2	2	ウマ娘		"
食事コスト1：これは出走する。

【出走時】これは攻撃力+1/体力+1する。このターン、これはダメージを受けない。
"			https://shadowverse-evolve.com/cardlist/?cardno=CP01-013
CP01-LD01	〔ふるさと直送エール！〕ユキノビジン	エルフ	ウマ娘 プリティーダービー	コラボパック「ウマ娘 プリティーダービー」	リーダー	-				-					https://shadowverse-evolve.com/cardlist/?cardno=CP01-LD01
CP02-001	高森藍子	エルフ	アイドルマスター シンデレラガールズ	コラボパック「アイドルマスター シンデレラガールズ」	フォロワー	LG	3	2	2	デレマス・パッション		"
進化コスト1：これは進化する。

ファンファーレ自分のデッキの上3枚を見る。その中から、パッション・カード1枚を公開して手札に加えてよい。残りを好きな順にデッキの下に置く。
"			https://shadowverse-evolve.com/cardlist/?cardno=CP02-001
CP02-002	高森藍子	エルフ	アイドルマスター シンデレラガールズ	コラボパック「アイドルマスター シンデレラガールズ」	フォロワー・エボルヴ	LG		3	3	デレマス・パッション		"
【進化時】自分の手札の元のコスト3以下のパッション・フォロワー1枚を場に出してよい。
"			https://shadowverse-evolve.com/cardlist/?cardno=CP02-002
CP02-003	前川みく	エルフ	アイドルマスター シンデレラガールズ	コラボパック「アイドルマスター シンデレラガールズ」	フォロワー	LG	2	3	1	デレマス・キュート		"
【攻撃時】相手の場のフォロワー1体を選ぶ。それに2ダメージ。

起動コスト1【レッスン_1】：これは【疾走】を持つ。
"			https://shadowverse-evolve.com/cardlist/?cardno=CP02-003
CP02-004	喜多見柚	エルフ	アイドルマスター シンデレラガールズ	コラボパック「アイドルマスター シンデレラガールズ」	フォロワー	GR	1	1	1	デレマス・パッション		"
進化コスト2：これは進化する。

【守護】

起動【レッスン_1】：元のコスト1以下の自分の場の他のカード1枚を選ぶ。それを手札に戻す。このターン、これの進化を除く起動能力を使えない。（手札に戻ったトークンはゲームから取り除く）
"			https://shadowverse-evolve.com/cardlist/?cardno=CP02-004
CP02-005	喜多見柚	エルフ	アイドルマスター シンデレラガールズ	コラボパック「アイドルマスター シンデレラガールズ」	フォロワー・エボルヴ	GR		2	2	デレマス・パッション		"
【守護】

【進化時】元のコスト2以下の相手の場のフォロワー1体を選ぶ。それを手札に戻す。

起動【レッスン_1】：元のコスト1以下の自分の場の他のカード1枚を選ぶ。それを手札に戻す。このターン、これの起動能力を使えない。
"			https://shadowverse-evolve.com/cardlist/?cardno=CP02-005
CP02-006	アナスタシア	エルフ	アイドルマスター シンデレラガールズ	コラボパック「アイドルマスター シンデレラガールズ」	フォロワー	GR	5	2	4	デレマス・クール		"
自分のターン中、自分がカードをプレイしたとき、このターン中に3枚目のカードなら、自分のPPを2回復する。このターン中に5枚目のカードなら、自分の場のフォロワーすべては攻撃力+1/体力+1する。

ファンファーレ自分のPPを2回復する。
"			https://shadowverse-evolve.com/cardlist/?cardno=CP02-006
CP02-007	ブランニュー・ビート	エルフ	アイドルマスター シンデレラガールズ	コラボパック「アイドルマスター シンデレラガールズ」	アミュレット	GR	1			デレマス・クール		"
これが場を離れたとき、このターン、自分のEXエリアの『魔法のアイテム』が消滅していたなら、1枚引く。

起動これをアクト墓場に置く：自分の場のフォロワー1体を選ぶ。それは攻撃力+1/体力+1する。
"			https://shadowverse-evolve.com/cardlist/?cardno=CP02-007
CP02-008	工藤忍	エルフ	アイドルマスター シンデレラガールズ	コラボパック「アイドルマスター シンデレラガールズ」	フォロワー	SR	4	2	2	デレマス・キュート		"
ファンファーレ自分のデッキから元のコスト1のデレマス・フォロワーや元のコスト1のデレマス・アミュレットをカード名が異なるように2枚まで探し、場に出す。
"			https://shadowverse-evolve.com/cardlist/?cardno=CP02-008
CP02-009	相葉夕美	エルフ	アイドルマスター シンデレラガールズ	コラボパック「アイドルマスター シンデレラガールズ」	フォロワー	SR	3	3	3	デレマス・パッション		"
進化コスト1：これは進化する。

ファンファーレ自分の場のパッション・フォロワーが3体以上なら、相手の場のフォロワー1体を選ぶ。それに2ダメージ。
"			https://shadowverse-evolve.com/cardlist/?cardno=CP02-009
CP02-010	相葉夕美	エルフ	アイドルマスター シンデレラガールズ	コラボパック「アイドルマスター シンデレラガールズ」	フォロワー・エボルヴ	SR		4	4	デレマス・パッション		"
【進化時】体力3以下の相手の場のフォロワー1体を選ぶ。それのプレイヤーはそれをデッキの下に置く。（デッキに置いたトークンはゲームから取り除く）
"			https://shadowverse-evolve.com/cardlist/?cardno=CP02-010
CP02-011	女神は朝焼けの海に	エルフ	アイドルマスター シンデレラガールズ	コラボパック「アイドルマスター シンデレラガールズ」	スペル	SR	1			デレマス・クール		"
1枚引く。自分の場に元のコスト5以上のフォロワーがいるなら、自分のPPを1回復する。
"			https://shadowverse-evolve.com/cardlist/?cardno=CP02-011
CP02-012	綾瀬穂乃香	エルフ	アイドルマスター シンデレラガールズ	コラボパック「アイドルマスター シンデレラガールズ」	フォロワー	BR	1	2	1	デレマス・クール		"
ファンファーレ自分の場の他のデレマス・フォロワー1体を選ぶ。それは【突進】を持つ。
"			https://shadowverse-evolve.com/cardlist/?cardno=CP02-012
CP02-013	桃井あずき	エルフ	アイドルマスター シンデレラガールズ	コラボパック「アイドルマスター シンデレラガールズ」	フォロワー	BR	4	3	5	デレマス・キュート		"
これをプレイする際、自分の場のデレマス・フォロワーが3体以上なら、コストを-3する。

【守護】
"			https://shadowverse-evolve.com/cardlist/?cardno=CP02-013
CP02-014	今井加奈	エルフ	アイドルマスター シンデレラガールズ	コラボパック「アイドルマスター シンデレラガールズ」	フォロワー	BR	2	2	2	デレマス・キュート		"
進化コスト1：これは進化する。
"			https://shadowverse-evolve.com/cardlist/?cardno=CP02-014
CP02-015	今井加奈	エルフ	アイドルマスター シンデレラガールズ	コラボパック「アイドルマスター シンデレラガールズ」	フォロワー・エボルヴ	BR		3	3	デレマス・キュート		"
【進化時】自分のデッキの上1枚を見る。その中から、1枚を公開して手札に加えてよい。キュート・カードを公開したなら、自分のリーダーは体力+2する。
"			https://shadowverse-evolve.com/cardlist/?cardno=CP02-015
CP02-016	梅木音葉	エルフ	アイドルマスター シンデレラガールズ	コラボパック「アイドルマスター シンデレラガールズ」	フォロワー	BR	2	1	3	デレマス・クール		"
自分がカードをプレイしたとき、相手の場のフォロワー1体を選ぶ。それに1ダメージ。
"			https://shadowverse-evolve.com/cardlist/?cardno=CP02-016
CP02-017	ただひとつの器	エルフ	アイドルマスター シンデレラガールズ	コラボパック「アイドルマスター シンデレラガールズ」	アミュレット	BR	2			デレマス・クール		"
ファンファーレラストワード相手の場のフォロワー1体を選ぶ。それに3ダメージ。

起動コスト2これをアクト手札1枚を捨てる：これを墓場に置く。
"			https://shadowverse-evolve.com/cardlist/?cardno=CP02-017
CP02-LD01	〔あいの誓い〕高森藍子	エルフ	アイドルマスター シンデレラガールズ	コラボパック「アイドルマスター シンデレラガールズ」	リーダー	-				-					https://shadowverse-evolve.com/cardlist/?cardno=CP02-LD01
CP02-SP01a	*（Asterisk）	エルフ	アイドルマスター シンデレラガールズ	コラボパック「アイドルマスター シンデレラガールズ」	フォロワー	SP	2	3	1	デレマス・キュート		"
【攻撃時】相手の場のフォロワー1体を選ぶ。それに2ダメージ。

起動コスト1【レッスン_1】：これは【疾走】を持つ。
"			https://shadowverse-evolve.com/cardlist/?cardno=CP02-SP01a
CP03-001	蒼嵐竜 メイルストローム	エルフ	カードファイト!! ヴァンガード	コラボパック「カードファイト!! ヴァンガード」	フォロワー	LG	3	3	3	ヴァンガード・アクアフォース		"
進化コスト4：これは『蒼嵐覇竜 グローリー・メイルストローム』に進化する。

【疾走】【ツインドライブ】

【攻撃時】このターン、4回目の自分の場のアクアフォース・フォロワーの攻撃なら、これは『蒼嵐覇竜 グローリー・メイルストローム』に進化する。
"			https://shadowverse-evolve.com/cardlist/?cardno=CP03-001
CP03-002	蒼嵐覇竜 グローリー・メイルストローム	エルフ	カードファイト!! ヴァンガード	コラボパック「カードファイト!! ヴァンガード」	フォロワー・エボルヴ	LG		4	4	ヴァンガード・アクアフォース		"
【疾走】【ツインドライブ】

これが相手のリーダーにダメージを与えたとき、相手の場のフォロワー1体を選ぶ。それを破壊する。2枚引く。
"			https://shadowverse-evolve.com/cardlist/?cardno=CP03-002
CP03-003	ストームライダー ディアマンテス	エルフ	カードファイト!! ヴァンガード	コラボパック「カードファイト!! ヴァンガード」	フォロワー	LG	3	3	2	ヴァンガード・アクアフォース		"
【突進】

ファンファーレ相手の場のフォロワー1体を選ぶ。それをアクトする。

ラストワード自分のターン中なら、自分のデッキの上5枚を見る。その中から、元のコスト1のアクアフォース・フォロワー2枚まで場に出してよい。残りを好きな順にデッキの下に置く。
"			https://shadowverse-evolve.com/cardlist/?cardno=CP03-003
CP03-004	ストームライダー バシル	エルフ	カードファイト!! ヴァンガード	コラボパック「カードファイト!! ヴァンガード」	フォロワー	LG	3	2	2	ヴァンガード・アクアフォース		"
【疾走】

ファンファーレ元のコスト1の場のアクアフォース・フォロワー1体を手札に戻す：自分の手札の元のコスト3以下のアクアフォース・フォロワー1枚を場に出してよい。
"			https://shadowverse-evolve.com/cardlist/?cardno=CP03-004
CP03-005	潮騒の水将 アルゴス	エルフ	カードファイト!! ヴァンガード	コラボパック「カードファイト!! ヴァンガード」	フォロワー	GR	2	1	3	ヴァンガード・アクアフォース		"
進化コスト1：これは『ネイブルゲイザー・ドラゴン』に進化する。

自分の場のアクアフォース・フォロワーが攻撃したとき、このターン、3回目の自分の場のアクアフォース・フォロワーの攻撃なら、自分のリーダーは体力+2する。1枚引く。
"			https://shadowverse-evolve.com/cardlist/?cardno=CP03-005
CP03-006	ネイブルゲイザー・ドラゴン	エルフ	カードファイト!! ヴァンガード	コラボパック「カードファイト!! ヴァンガード」	フォロワー・エボルヴ	GR		2	4	ヴァンガード・アクアフォース		"
【ツインドライブ】

自分の場のアクアフォース・フォロワーが攻撃したとき、このターン、3回目の自分の場のアクアフォース・フォロワーの攻撃なら、自分のリーダーは体力+2する。1枚引く。

【進化時】自分の手札の元のコスト1のアクアフォース・フォロワー1枚を場に出してよい。
"			https://shadowverse-evolve.com/cardlist/?cardno=CP03-006
CP03-007	ハイドロハリケーン・ドラゴン	エルフ	カードファイト!! ヴァンガード	コラボパック「カードファイト!! ヴァンガード」	フォロワー	GR	8	5	5	ヴァンガード・アクアフォース		"
これをプレイする際、このターン、自分の場のアクアフォース・フォロワーが3回以上攻撃していたなら、コストを-6する。

【ツインドライブ】

ファンファーレ相手の場のフォロワー2体まで選ぶ。それを破壊する。これによって破壊した相手の場のフォロワー1体につき、相手のリーダーすべてに1ダメージ。
"			https://shadowverse-evolve.com/cardlist/?cardno=CP03-007
CP03-008	波状螺旋の水将 ベネディクト	エルフ	カードファイト!! ヴァンガード	コラボパック「カードファイト!! ヴァンガード」	フォロワー	GR	3	3	3	ヴァンガード・アクアフォース		"
憑依コスト1：これはドライブを持つ。

【ドライブ獲得時】これは攻撃力+1/体力+1する。自分のデッキから元のコスト1のアクアフォース・フォロワーをカード名が異なるように2枚まで探し、手札に加える。
"			https://shadowverse-evolve.com/cardlist/?cardno=CP03-008
CP03-009	ティアーナイト ヴァレリア	エルフ	カードファイト!! ヴァンガード	コラボパック「カードファイト!! ヴァンガード」	フォロワー	GR	1	1	1	ヴァンガード・アクアフォース		"
憑依コスト1：これはドライブを持つ。

【ドライブ獲得時】これは攻撃力+1/体力+1して、【疾走】と「【攻撃時】相手の場のフォロワー1体を選ぶ。このターン、3回目の自分の場のアクアフォース・フォロワーの攻撃なら、それに2ダメージ」を持つ。
"			https://shadowverse-evolve.com/cardlist/?cardno=CP03-009
CP03-010	ティアーナイト ラザロス	エルフ	カードファイト!! ヴァンガード	コラボパック「カードファイト!! ヴァンガード」	フォロワー	SR	2	3	2	ヴァンガード・アクアフォース		"
これは「相手の能力ダメージ」を受けない。
"			https://shadowverse-evolve.com/cardlist/?cardno=CP03-010
CP03-011	ティアーナイト テオ	エルフ	カードファイト!! ヴァンガード	コラボパック「カードファイト!! ヴァンガード」	フォロワー	SR	1	2	1	ヴァンガード・アクアフォース		"
ファンファーレ自分の場に他のアクアフォース・フォロワーがいるなら、これは【突進】【指定攻撃】を持つ。
"			https://shadowverse-evolve.com/cardlist/?cardno=CP03-011
CP03-012	発光信号のペンギン兵	エルフ	カードファイト!! ヴァンガード	コラボパック「カードファイト!! ヴァンガード」	フォロワー	SR	2	2	2	ヴァンガード・アクアフォース		"
憑依コスト1：これはドライブを持つ。

【ドライブ獲得時】これは攻撃力+1/体力+1する。自分のデッキの上1枚を見る。その中から、1枚を公開して手札に加えてよい。元のコスト1のアクアフォース・フォロワーを公開したなら、自分のリーダーは体力+2する。
"			https://shadowverse-evolve.com/cardlist/?cardno=CP03-012
CP03-013	ティアーナイト キプロス	エルフ	カードファイト!! ヴァンガード	コラボパック「カードファイト!! ヴァンガード」	フォロワー	SR	1	0	1	ヴァンガード・アクアフォース		"
【疾走】

ラストワード自分のデッキから『ティアーナイト キプロス』1枚を探し、手札に加える。
"			https://shadowverse-evolve.com/cardlist/?cardno=CP03-013
CP03-014	翠玉の盾 パスカリス	エルフ	カードファイト!! ヴァンガード	コラボパック「カードファイト!! ヴァンガード」	スペル	SR	1			ヴァンガード・アクアフォース		"
クイック

下記から1つチョイスする。【1】相手の場のフォロワー1体を選ぶ。それに2ダメージ。【2】手札のアクアフォース・カード1枚を捨てる：相手の場のフォロワー1体を選ぶ。それに3ダメージ。自分のデッキの上1枚を見る。その中から、元のコスト1のアクアフォース・フォロワー1枚を公開して手札に加えてよい。
"			https://shadowverse-evolve.com/cardlist/?cardno=CP03-014
CP03-015	バトルシップ・インテリジェンス	エルフ	カードファイト!! ヴァンガード	コラボパック「カードファイト!! ヴァンガード」	フォロワー	BR	1	1	1	ヴァンガード・アクアフォース		"
【疾走】

----------

（ドライブチェックによってこれが捲れたなら、自分の場のフォロワー1体は攻撃力+2する）
"			https://shadowverse-evolve.com/cardlist/?cardno=CP03-015
CP03-016	輝石通信のラッコ兵	エルフ	カードファイト!! ヴァンガード	コラボパック「カードファイト!! ヴァンガード」	フォロワー	BR	2	1	3	ヴァンガード・アクアフォース		"
ファンファーレ1枚引く。

----------

（ドライブチェックによってこれが捲れたなら、1枚引く）
"			https://shadowverse-evolve.com/cardlist/?cardno=CP03-016
CP03-017	高速遊撃のイルカ兵	エルフ	カードファイト!! ヴァンガード	コラボパック「カードファイト!! ヴァンガード」	フォロワー	BR	1	1	1	ヴァンガード・アクアフォース		"
【突進】

ファンファーレ相手の場のフォロワー1体まで選ぶ。それをアクトするかスタンドする。

----------

（ドライブチェックによってこれが捲れたなら、自分の場のフォロワー1体をスタンドする。このターン、それは相手のリーダーを攻撃できない）
"			https://shadowverse-evolve.com/cardlist/?cardno=CP03-017
CP03-018	虹色秘薬の医療士官	エルフ	カードファイト!! ヴァンガード	コラボパック「カードファイト!! ヴァンガード」	フォロワー	BR	1	1	1	ヴァンガード・アクアフォース		"
【守護】

自分のエンドフェイズが来たとき、このターン、自分の場のアクアフォース・フォロワーが3回以上攻撃していたなら、自分のリーダーは体力+2する。

----------

（ドライブチェックによってこれが捲れたなら、自分のリーダーは体力+3する）
"			https://shadowverse-evolve.com/cardlist/?cardno=CP03-018
CP03-019	コーラル・アサルト	エルフ	カードファイト!! ヴァンガード	コラボパック「カードファイト!! ヴァンガード」	フォロワー	BR	2	2	2	ヴァンガード・アクアフォース		"
憑依コスト1：これはドライブを持つ。

自分の場のアクアフォース・フォロワーが攻撃したとき、相手の場のフォロワー1体を選ぶ。このターン、3回目の自分の場のアクアフォース・フォロワーの攻撃なら、それに2ダメージ。

【ドライブ獲得時】相手の場のフォロワー1体まで選ぶ。それに2ダメージ。これは攻撃力+1/体力+1する。
"			https://shadowverse-evolve.com/cardlist/?cardno=CP03-019
CP03-020	戦場の歌姫 シンシア	エルフ	カードファイト!! ヴァンガード	コラボパック「カードファイト!! ヴァンガード」	スペル	BR	1			ヴァンガード・アクアフォース		"
自分の墓場の元のコスト1のアクアフォース・フォロワー1枚を選ぶ。それを場に出す。
"			https://shadowverse-evolve.com/cardlist/?cardno=CP03-020
CP03-021	士官候補生 エリック	エルフ	カードファイト!! ヴァンガード	コラボパック「カードファイト!! ヴァンガード」	アミュレット	BR	2			ヴァンガード・アクアフォース		"
【スタートアミュレット】（【スタートアミュレット】を持つカードはデッキに1種しか入れられない）

起動これをアクト墓場に置く：元のコスト1の自分の場のアクアフォース・フォロワー1体を選ぶ。それは【疾走】を持つ。
"			https://shadowverse-evolve.com/cardlist/?cardno=CP03-021
CP03-LD01	〔正義の風〕蒼龍レオン	エルフ	カードファイト!! ヴァンガード	コラボパック「カードファイト!! ヴァンガード」	リーダー	-				-					https://shadowverse-evolve.com/cardlist/?cardno=CP03-LD01
CSD02a-005	櫻井桃華	エルフ	アイドルマスター シンデレラガールズ	コラボスターターデッキ「Cute」	フォロワー	SR	2	2	2	デレマス・キュート		"
進化コスト1：これは進化する。

ファンファーレコスト2【レッスン_1】：これは攻撃力+1/体力+1する。（【レッスン_1】とは、自分のEXエリアの『魔法のアイテム』1枚を消滅させること）
"			https://shadowverse-evolve.com/cardlist/?cardno=CSD02a-005
CSD02a-006	櫻井桃華	エルフ	アイドルマスター シンデレラガールズ	コラボスターターデッキ「Cute」	フォロワー・エボルヴ	SR		3	3	デレマス・キュート		"
【進化時】自分のデッキの上3枚を見る。その中から、キュート・カード1枚を公開して手札に加えてよい。残りを好きな順にデッキの下に置く。
"			https://shadowverse-evolve.com/cardlist/?cardno=CSD02a-006
CSD02c-002	〔てづくりのしあわせ〕高森藍子	エルフ	アイドルマスター シンデレラガールズ	コラボスターターデッキ「Passion」	フォロワー	LG	4	4	4	デレマス・パッション		"
起動場のパッション・フォロワー3体をアクト：自分の手札のパッション・フォロワー1枚を場に出してよい。それは「自分のエンドフェイズが来たとき、これを手札に戻す」を持つ。
"			https://shadowverse-evolve.com/cardlist/?cardno=CSD02c-002
CSD02c-005	上田鈴帆	エルフ	アイドルマスター シンデレラガールズ	コラボスターターデッキ「Passion」	フォロワー	SR	3	3	3	デレマス・パッション		"
進化コスト1：これは進化する。

ファンファーレ自分のデッキの上1枚を見る。
"			https://shadowverse-evolve.com/cardlist/?cardno=CSD02c-005
CSD02c-006	上田鈴帆	エルフ	アイドルマスター シンデレラガールズ	コラボスターターデッキ「Passion」	フォロワー・エボルヴ	SR		4	4	デレマス・パッション		"
【進化時】相手の場のフォロワー1体を選ぶ。自分のデッキの上1枚を公開する。それに「公開したカードの元のコスト」と同じダメージ。
"			https://shadowverse-evolve.com/cardlist/?cardno=CSD02c-006
ECP01-001	ホッコータルマエ	エルフ	ウマ娘 プリティーダービー	EXコラボパック「ウマ娘 プリティーダービー」	フォロワー	LG	4	2	2	ウマ娘		"
これをプレイする際、コストを-Xする。Xは「自分の場のウマ娘・カードの枚数」である。

進化コスト1：これは進化する。

食事コスト1：これは出走する。
"			https://shadowverse-evolve.com/cardlist/?cardno=ECP01-001
ECP01-002	ホッコータルマエ	エルフ	ウマ娘 プリティーダービー	EXコラボパック「ウマ娘 プリティーダービー」	フォロワー・エボルヴ	LG		3	3	ウマ娘		"
【進化時】1枚引く。
"			https://shadowverse-evolve.com/cardlist/?cardno=ECP01-002
ECP01-003	サクラローレル	エルフ	ウマ娘 プリティーダービー	EXコラボパック「ウマ娘 プリティーダービー」	フォロワー	LG	3	2	2	ウマ娘		"
食事コスト1：これは出走する。

ファンファーレ相手の場のフォロワー1体を選ぶ。自分の場に他のウマ娘・カードがあるなら、それに4ダメージ。

起動これをアクト：これは攻撃力+2/体力+2して、【守護】を持つ。自分のリーダーは体力+2する。この能力は自分の場のウマ娘・カードが5枚なら使える。
"			https://shadowverse-evolve.com/cardlist/?cardno=ECP01-003
ECP01-004	サウンズオブアース	エルフ	ウマ娘 プリティーダービー	EXコラボパック「ウマ娘 プリティーダービー」	フォロワー	LG	9	3	2	ウマ娘		"
これをプレイする際、コストを-Xする。Xは「自分の場のウマ娘・カードの枚数の2倍」である。

食事コスト1：これは出走する。

ファンファーレ場の「これと同名を除くウマ娘・カード」1枚を手札に戻す：相手の場のフォロワー1体を選ぶ。それに5ダメージ。
"			https://shadowverse-evolve.com/cardlist/?cardno=ECP01-004
ECP01-005	〔うららか・ぱっしょん♪〕ハルウララ	エルフ	ウマ娘 プリティーダービー	EXコラボパック「ウマ娘 プリティーダービー」	フォロワー	GR	2	1	1	ウマ娘		"
食事コスト1：これは出走する。

【出走時】これは攻撃力+1/体力+1する。自分のデッキの上5枚を見る。その中から、元のコスト2以下のウマ娘・フォロワー1枚を場に出してよい。残りを好きな順にデッキの下に置く。
"			https://shadowverse-evolve.com/cardlist/?cardno=ECP01-005
ECP01-006	ヤマニンゼファー	エルフ	ウマ娘 プリティーダービー	EXコラボパック「ウマ娘 プリティーダービー」	フォロワー	GR	4	3	4	ウマ娘		"
食事コスト1：これは出走する。

【守護】

ファンファーレ下記から1つチョイスする。これがウマ娘・カードの能力によって場に出ていたなら、代わりに2つまで。

【1】相手の場のフォロワー1体を選ぶ。それを手札に戻す。（手札に戻ったトークンはゲームから取り除く）【2】自分のデッキから元のコスト2以下のウマ娘・フォロワー1枚を探し、場に出す。
"			https://shadowverse-evolve.com/cardlist/?cardno=ECP01-006
ECP01-007	サクラバクシンオー	エルフ	ウマ娘 プリティーダービー	EXコラボパック「ウマ娘 プリティーダービー」	フォロワー	GR	1	1	1	ウマ娘		"
食事コスト1：これは出走する。

【疾走】

【攻撃時】自分の場のウマ娘・カードが3枚か4枚なら、1枚引く。自分の手札1枚を捨てる。自分の場のウマ娘・カードが5枚なら、1枚引く。
"			https://shadowverse-evolve.com/cardlist/?cardno=ECP01-007
ECP01-008	ミホノブルボン	エルフ	ウマ娘 プリティーダービー	EXコラボパック「ウマ娘 プリティーダービー」	フォロワー	GR	3	3	3	ウマ娘		"
食事コスト1：これは出走する。

食事食事コスト2：これは2回出走する。

食事食事食事コスト3：これは3回出走する。

【出走時】相手の場のフォロワー1体まで選ぶ。それに3ダメージ。これは攻撃力+1/体力+1する。
"			https://shadowverse-evolve.com/cardlist/?cardno=ECP01-008
ECP01-009	世界にもっと☆マーベラス	エルフ	ウマ娘 プリティーダービー	EXコラボパック「ウマ娘 プリティーダービー」	アミュレット	GR	1			ウマ娘		"
ファンファーレ自分のデッキの上1枚を見る。その中から、ウマ娘・カード1枚を公開して手札に加えてよい。

起動コスト2これをアクト墓場に置く：自分のリーダーは体力+2する。
"			https://shadowverse-evolve.com/cardlist/?cardno=ECP01-009
ECP02-001	〔光を捕まえて〕アナスタシア	エルフ	アイドルマスター シンデレラガールズ	EXコラボパック「アイドルマスター シンデレラガールズ」	フォロワー	LG	2	1	1	デレマス・クール		"
進化コスト1：これは進化する。

ファンファーレコスト1【レッスン_1】：自分の手札の元のコスト2以下のデレマス・フォロワー1枚をEXエリアに置いてよい。このターン、それをプレイする際、コストを-2する。
"			https://shadowverse-evolve.com/cardlist/?cardno=ECP02-001
ECP02-002	〔光を捕まえて〕アナスタシア	エルフ	アイドルマスター シンデレラガールズ	EXコラボパック「アイドルマスター シンデレラガールズ」	フォロワー・エボルヴ	LG		2	2	デレマス・クール		"
【進化時】自分の場の他のデレマス・フォロワー2体まで選ぶ。それは攻撃力+1/体力+1する。

【超進化時】自分の場の他のデレマス・フォロワーすべては攻撃力+1/体力+1する。
"			https://shadowverse-evolve.com/cardlist/?cardno=ECP02-002
ECP02-003	〔朱華色の夢〕藤原肇	エルフ	アイドルマスター シンデレラガールズ	EXコラボパック「アイドルマスター シンデレラガールズ」	フォロワー	LG	2	2	2	デレマス・クール		"
ファンファーレ自分のデッキの上1枚を見る。その中から、クール・カード1枚を公開して手札に加えてよい。

起動コスト0：相手の場のフォロワー1体を選ぶ。それに1ダメージ。この能力は自分の場のクール・フォロワーが3体以上なら、1ターンに1回使える。
"			https://shadowverse-evolve.com/cardlist/?cardno=ECP02-003
ECP02-004	〔渚の花嫁〕新田美波	エルフ	アイドルマスター シンデレラガールズ	EXコラボパック「アイドルマスター シンデレラガールズ」	フォロワー	LG	3	3	3	デレマス・クール		"
ファンファーレ自分のデッキから「カード名に『アナスタシア』を含むフォロワー」1枚を探し、EXエリアに置く。このターン、それをプレイする際、コストを-3する。

起動【レッスン_1】これをアクト：相手の場のフォロワー1体を選ぶ。それをアクトする。それは次のそれのプレイヤーのスタートフェイズにスタンドしない。
"			https://shadowverse-evolve.com/cardlist/?cardno=ECP02-004
ECP02-005	〔フルスイング☆エール〕姫川友紀	エルフ	アイドルマスター シンデレラガールズ	EXコラボパック「アイドルマスター シンデレラガールズ」	フォロワー	LG	7	4	4	デレマス・パッション		"
【疾走】

ファンファーレ相手の場のフォロワーすべてに4ダメージ。自分の場のパッション・カードの元のコストの合計が10以上なら、代わりに8ダメージ。自分の場のパッション・カードの元のコストの合計が20以上なら、相手のリーダーすべてに4ダメージ。
"			https://shadowverse-evolve.com/cardlist/?cardno=ECP02-005
ECP02-006	〔ワナビー・レジェンド〕多田李衣菜	エルフ	アイドルマスター シンデレラガールズ	EXコラボパック「アイドルマスター シンデレラガールズ」	フォロワー	GR	5	4	4	デレマス・クール		"
進化コスト1：これは進化する。

ファンファーレ自分のデッキから元のコスト1のデレマス・アミュレット1枚を探し、場に出す。

起動【レッスン_1】：自分の手札の元のコスト1以下のデレマス・フォロワーか元のコスト1以下のデレマス・アミュレット1枚を場に出してよい。
"			https://shadowverse-evolve.com/cardlist/?cardno=ECP02-006
ECP02-007	〔ワナビー・レジェンド〕多田李衣菜	エルフ	アイドルマスター シンデレラガールズ	EXコラボパック「アイドルマスター シンデレラガールズ」	フォロワー・エボルヴ	GR		5	5	デレマス・クール		"
【進化時】場のデレマス・カード1枚を手札に戻す：相手の場のフォロワー1体を選ぶ。それのプレイヤーはそれをデッキの下に置く。（デッキに置いたトークンはゲームから取り除く）

起動【レッスン_1】：自分の手札の元のコスト1以下のデレマス・フォロワーか元のコスト1以下のデレマス・アミュレット1枚を場に出してよい。
"			https://shadowverse-evolve.com/cardlist/?cardno=ECP02-007
ECP02-008	〔トゥルー・ドリーム〕喜多日菜子	エルフ	アイドルマスター シンデレラガールズ	EXコラボパック「アイドルマスター シンデレラガールズ」	フォロワー	GR	1	1	1	デレマス・パッション		"
進化コスト2：これは進化する。

ファンファーレ【レッスン_1】：自分のリーダーは体力+1する。
"			https://shadowverse-evolve.com/cardlist/?cardno=ECP02-008
ECP02-009	〔トゥルー・ドリーム〕喜多日菜子	エルフ	アイドルマスター シンデレラガールズ	EXコラボパック「アイドルマスター シンデレラガールズ」	フォロワー・エボルヴ	GR		2	2	デレマス・パッション		"
【進化時】1枚引く。自分のリーダーは体力+2する。
"			https://shadowverse-evolve.com/cardlist/?cardno=ECP02-009
ECP02-010	〔ニャンダフル・ワールド〕前川みく	エルフ	アイドルマスター シンデレラガールズ	EXコラボパック「アイドルマスター シンデレラガールズ」	フォロワー	GR	1	1	1	デレマス・キュート		"
【疾走】

ラストワード【レッスン_1】：自分のデッキから「カード名に『前川みく』を含むフォロワー」1枚を探し、手札に加える。
"			https://shadowverse-evolve.com/cardlist/?cardno=ECP02-010
ECP02-011	夢色開花前線	エルフ	アイドルマスター シンデレラガールズ	EXコラボパック「アイドルマスター シンデレラガールズ」	スペル	GR	5			デレマス・パッション		"
自分の手札の元のコスト6以下のパッション・フォロワー1枚を場に出してよい。『魔法のアイテム』1枚をEXエリアに置く。

―――――――――――――――

『魔法のアイテム』ニュートラルデレマス・スペルコスト4自分のリーダーは体力+1する。1枚引く。
"			https://shadowverse-evolve.com/cardlist/?cardno=ECP02-011
ECP02-SP01	〔女神は朝焼けの海に〕新田美波	エルフ	アイドルマスター シンデレラガールズ	EXコラボパック「アイドルマスター シンデレラガールズ」	フォロワー	SP	3	3	3	デレマス・クール		"
ファンファーレ自分のデッキから「カード名に『アナスタシア』を含むフォロワー」1枚を探し、EXエリアに置く。このターン、それをプレイする際、コストを-3する。

起動【レッスン_1】これをアクト：相手の場のフォロワー1体を選ぶ。それをアクトする。それは次のそれのプレイヤーのスタートフェイズにスタンドしない。
"			https://shadowverse-evolve.com/cardlist/?cardno=ECP02-SP01
ECP02-SP02	〔挑戦者たちのエール〕姫川友紀	エルフ	アイドルマスター シンデレラガールズ	EXコラボパック「アイドルマスター シンデレラガールズ」	フォロワー	SP	7	4	4	デレマス・パッション		"
【疾走】

ファンファーレ相手の場のフォロワーすべてに4ダメージ。自分の場のパッション・カードの元のコストの合計が10以上なら、代わりに8ダメージ。自分の場のパッション・カードの元のコストの合計が20以上なら、相手のリーダーすべてに4ダメージ。
"			https://shadowverse-evolve.com/cardlist/?cardno=ECP02-SP02
PR-031	ウォーターフェアリー	エルフ		PRカード	フォロワー・エボルヴ	PR		2	2	妖精		"
【進化時】『フェアリー』1体を出す。

ラストワード『フェアリー』1枚をEXエリアに置く。
"			https://shadowverse-evolve.com/cardlist/?cardno=PR-031
PR-051	フェアリープリンセス・アリア	エルフ		PRカード	フォロワー	PR	6	5	5	妖精・プリンセス		"
【守護】

これがいる限り、自分の他の妖精・フォロワーすべては【突進】を持つ。

ファンファーレ『フェアリー』9枚の中から、好きな枚数を場に出す。好きな枚数をEXエリアに置く。
"			https://shadowverse-evolve.com/cardlist/?cardno=PR-051
PR-102	ローズガーデンキーパー	エルフ		PRカード	フォロワー・エボルヴ	PR		4	4	植物族		"
【進化時】相手のフォロワー1体を選ぶ。それを手札に戻す。【コンボ_3】1枚引く。（手札に戻ったトークンはゲームから取り除く）
"			https://shadowverse-evolve.com/cardlist/?cardno=PR-102
PR-260	蒼龍レオン	エルフ	カードファイト!! ヴァンガード	PRカード	リーダー	-				-					https://shadowverse-evolve.com/cardlist/?cardno=PR-260
PR-405	森の弓使い・アリサ	エルフ		PRカード	リーダー	-				-					https://shadowverse-evolve.com/cardlist/?cardno=PR-405
PR-420	ラヴサイン	エルフ		PRカード	リーダー	-				-					https://shadowverse-evolve.com/cardlist/?cardno=PR-420
PR-435	〔よくばりサニーバカンス〕アナスタシア	エルフ	アイドルマスター シンデレラガールズ	PRカード	フォロワー	PR	5	2	4	デレマス・クール		"
自分のターン中、自分がカードをプレイしたとき、このターン中に3枚目のカードなら、自分のPPを2回復する。このターン中に5枚目のカードなら、自分の場のフォロワーすべては攻撃力+1/体力+1する。

ファンファーレ自分のPPを2回復する。
"			https://shadowverse-evolve.com/cardlist/?cardno=PR-435
PR-436	〔サマーキャット☆ランデブー〕前川みく	エルフ	アイドルマスター シンデレラガールズ	PRカード	フォロワー	PR	2	3	1	デレマス・キュート		"
【攻撃時】相手の場のフォロワー1体を選ぶ。それに2ダメージ。

起動コスト1【レッスン_1】：これは【疾走】を持つ。
"			https://shadowverse-evolve.com/cardlist/?cardno=PR-436
PR-437	夏色の南風	エルフ	アイドルマスター シンデレラガールズ	PRカード	スペル	PR	1			デレマス・クール		"
1枚引く。自分の場に元のコスト5以上のフォロワーがいるなら、自分のPPを1回復する。
"			https://shadowverse-evolve.com/cardlist/?cardno=PR-437
SD01-002	ティターニアの妖精郷	エルフ		スターターデッキ第1弾「麗しの妖精姫」	アミュレット	GR	2			妖精・プリンセス		"
これがある限り、自分の妖精・トークンすべては【指定攻撃】を持つ。

自分の場に妖精・トークンが出たとき、それは攻撃力+1/体力+1する。

ファンファーレ自分の妖精・トークンすべては攻撃力+1/体力+1する。
"			https://shadowverse-evolve.com/cardlist/?cardno=SD01-002
SD01-003	ローズガーデンキーパー	エルフ		スターターデッキ第1弾「麗しの妖精姫」	フォロワー	SR	3	3	3	植物族		"
進化コスト1：これは進化する。
"			https://shadowverse-evolve.com/cardlist/?cardno=SD01-003
SD01-005	ワルツフェアリー	エルフ		スターターデッキ第1弾「麗しの妖精姫」	フォロワー	SR	3	3	3	妖精		"
ファンファーレラストワード『フェアリー』1枚をEXエリアに置く。

―――――――――――――――

『フェアリー』エルフ妖精・フォロワーコスト1攻撃力1/体力1
"			https://shadowverse-evolve.com/cardlist/?cardno=SD01-005
SD01-006	フェアリーキャスター	エルフ		スターターデッキ第1弾「麗しの妖精姫」	フォロワー	SR	4	3	3	エルフ族		"
ファンファーレ『フェアリー』3枚を、場が上限になるまで出す。残りをEXエリアに置く。

―――――――――――――――

『フェアリー』エルフ妖精・フォロワーコスト1攻撃力1/体力1
"			https://shadowverse-evolve.com/cardlist/?cardno=SD01-006
SD01-009	トレント	エルフ		スターターデッキ第1弾「麗しの妖精姫」	フォロワー	BR	3	3	3	精霊		"
進化コスト2：これは進化する。

ファンファーレ【コンボ_3】これの進化コストを0にする。(このターン中にこれを含めて3枚以上プレイしていたなら、【コンボ_3】の後の能力が働く)
"			https://shadowverse-evolve.com/cardlist/?cardno=SD01-009
SD01-010	トレント	エルフ		スターターデッキ第1弾「麗しの妖精姫」	フォロワー・エボルヴ	BR		5	5	精霊					https://shadowverse-evolve.com/cardlist/?cardno=SD01-010
SD01-011	ウォーターフェアリー	エルフ		スターターデッキ第1弾「麗しの妖精姫」	フォロワー	BR	1	1	1	妖精		"
進化コスト2：これは進化する。

ラストワード『フェアリー』1枚をEXエリアに置く。

―――――――――――――――

『フェアリー』エルフ妖精・フォロワーコスト1攻撃力1/体力1
"			https://shadowverse-evolve.com/cardlist/?cardno=SD01-011
SD01-013	放浪するエルフ	エルフ		スターターデッキ第1弾「麗しの妖精姫」	フォロワー	BR	2	2	3	エルフ族		"
【指定攻撃】(【指定攻撃】を持つフォロワーは、スタンド状態のフォロワーを攻撃できる)

これは【守護】を無視して攻撃できる。
"			https://shadowverse-evolve.com/cardlist/?cardno=SD01-013
SD01-016	森荒らしへの報い	エルフ		スターターデッキ第1弾「麗しの妖精姫」	スペル	BR	2			エルフ族		"
クイック

相手のフォロワー1体を選ぶ。それに3ダメージ。『フェアリー』1枚をEXエリアに置く。

―――――――――――――――

『フェアリー』エルフ妖精・フォロワーコスト1攻撃力1/体力1
"			https://shadowverse-evolve.com/cardlist/?cardno=SD01-016
SP01-001	揺蕩う意志・スピネ	エルフ		スペシャルパック「シーサイド・メモリーズ」	フォロワー	LG	3	1	3	超克		"
自分の場のフォロワーが進化したとき、自分のリーダーは体力+2する。

ファンファーレ自分の墓場の元のコスト2以下のエルフフォロワー1枚を選ぶ。それをEXエリアに置く。このターン、それをプレイする際、コストを-2する。
"			https://shadowverse-evolve.com/cardlist/?cardno=SP01-001
